PERIOD_BEGIN;PERIOD;VALOR;INSTR_TYPE;TYPE_OF_SECURITY;GK;DOMICILE;TAX_APPLICABILITY_333;TAX_PARTICULARITY_333;TAX_PECULIARITY_333;DELTA_SIX_CALC;DELTA_3RD_PARTY;NR_871M;DELTA_AT_ISSU_MIN_871M;DELTA_AT_ISSU_MAX_871M;NR_DELTA_AT_ISSU_E100_871M;NR_DELTA_AT_ISSU_G095_871M;NR_DELTA_AT_ISSU_G080_871M;NR_DELTA_AT_ISSU_G075_871M;NR_NON_871M;DELTA_AT_ISSU_MIN_NON_871M;DELTA_AT_ISSU_MAX_NON_871M;NR_DELTA_AT_ISSU_E100_NON_871M;NR_DELTA_AT_ISSU_G095_NON_871M;NR_DELTA_AT_ISSU_G080_NON_871M;NR_DELTA_AT_ISSU_G075_NON_871M;NR_XSD_297
20180605;d;60675335;4;Z;709030;333;34.0;;;;;;;;;;;;;;;;;;;
20180605;d;61452736;4;Z;709030;333;34.0;;;;;;;;;;;;;;;;;;;
20180605;d;61452739;4;Z;709030;333;34.0;;;;;;;;;;;;;;;;;;;
20180605;d;61511839;4;P;709030;333;18.0;;;;;;;;;;;;;;;;;;;
20180605;d;61511841;4;P;709030;333;18.0;;;;;;;;;;;;;;;;;;;
20180605;d;61511844;4;P;709030;333;18.0;;;;;;;;;;;;;;;;;;;
20180605;d;60675354;4;Z;709030;333;34.0;;;;;;;;;;;;;;;;;;;
20180605;d;60675362;4;Z;709030;333;34.0;;;;;;;;;;;;;;;;;;;
20180605;d;3311757;12;6;611961;864;41.0;;;;;;;;;;;;1.0;;;;;;;
20180605;d;61511834;4;P;709030;333;18.0;;;;;;;;;;;;;;;;;;;
20180605;d;60782496;4;Z;709030;333;34.0;;;-0.11597;;;;;;;;;;;;;;;;
20180605;d;61511859;4;P;709030;333;18.0;;;;;;;;;;;;;;;;;;;
20180605;d;60675489;4;Z;709030;333;34.0;;;0.25375;;;;;;;;;;;;;;;;
20180605;d;61449962;4;Z;709030;333;34.0;;;1.0;;;;;;;;;;;;;;;;
20180605;d;61511888;4;P;709030;333;18.0;;;;;;;;;;;;;;;;;;;1.0
20180605;d;60675352;4;Z;709030;333;34.0;;;;;;;;;;;;;;;;;;;
20180605;d;60675363;4;Z;709030;333;34.0;;;;;;;;;;;;;;;;;;;
20180605;d;61450005;4;Z;709030;333;34.0;;;-0.54456;;;;;;;;;;;;;;;;
20180605;d;61449974;4;Z;709030;333;34.0;;;;;;;;;;;;;;;;;;;
20180605;d;60675369;4;Z;709030;333;34.0;;;0.50366;;;;;;;;;;;;;;;;
20180605;d;60675372;4;Z;709030;333;34.0;;;;;;;;;;;;;;;;;;;
20180605;d;61449999;4;Z;709030;333;34.0;;;-0.60153;;;;;;;;;;;;;;;;
20180605;d;61450023;4;Z;709030;333;34.0;;;-0.13654;;;;;;;;;;;;;;;;
20180605;d;61450043;4;Z;709030;333;34.0;;;-0.12156;;;;;;;;;;;;;;;;
20180605;d;61511902;4;P;709030;333;18.0;;;;;;;;;;;;;;;;;;;
20180605;d;61511913;4;P;709030;333;18.0;;;;;;;;;;;;;;;;;;;
20180605;d;60617635;4;Z;709030;333;34.0;;;0.93604;;;;;;;;;;;;;;;;
20180605;d;60617668;4;Z;709030;333;34.0;;;-0.24836;;;;;;;;;;;;;;;;
20180605;d;61450051;4;Z;709030;333;34.0;;;-0.10315;;;;;;;;;;;;;;;;
20180605;d;61511915;4;P;709030;333;18.0;;;;;;;;;;;;;;;;;;;
20180605;d;61511925;4;P;709030;333;18.0;;;;;;;;;;;;;;;;;;;
20180605;d;60617834;4;Z;709030;333;34.0;;;;;;;;;;;;;;;;;;;
20180605;d;60617747;4;Z;709030;333;34.0;;;0.17262;;;;;;;;;;;;;;;;
20180605;d;60617756;4;Z;709030;333;34.0;;;-0.72083;;;;;;;;;;;;;;;;
20180605;d;60617768;4;Z;709030;333;34.0;;;-0.38666;;;;;;;;;;;;;;;;
20180605;d;61450116;4;Z;709030;333;34.0;;;;;;;;;;;;;;;;;;;
20180605;d;61450132;4;Z;709030;333;34.0;;;;;;;;;;;;;;;;;;;
20180605;d;61450018;4;Z;709030;333;34.0;;;0.69748;;;;;;;;;;;;;;;;
20180605;d;61450054;4;Z;709030;333;34.0;;;;;;;;;;;;;;;;;;;
20180605;d;61450035;4;Z;709030;333;34.0;;;-0.1785;;;;;;;;;;;;;;;;
20180605;d;60617799;4;Z;709030;333;34.0;;;0.02419;;;;;;;;;;;;;;;;
20180605;d;60617680;4;Z;709030;333;34.0;;;-0.01188;;;;;;;;;;;;;;;;
20180605;d;61449996;4;Z;709030;333;34.0;;;0.34858;;;;;;;;;;;;;;;;
20180605;d;61450006;4;Z;709030;333;34.0;;;0.46458;;;;;;;;;;;;;;;;
20180605;d;60675478;4;Z;709030;333;34.0;;;;;;;;;;;;;;;;;;;
20180605;d;60675518;4;Z;709030;333;34.0;;;-0.15791;;;;;;;;;;;;;;;;
20180605;d;61557226;4;Z;709030;333;34.0;;;;;;;;;;;;;;;;;;;
20180605;d;60675500;4;Z;709030;333;34.0;;;-0.53663;;;;;;;;;;;;;;;;
20180605;d;60675506;4;Z;709030;333;34.0;;;-0.03863;;;;;;;;;;;;;;;;
20180605;d;60675513;4;Z;709030;333;34.0;;;;;;;;;;;;;;;;;;;
20180605;d;60675516;4;Z;709030;333;34.0;;;-0.16926;;;;;;;;;;;;;;;;
20180605;d;61511926;4;P;709030;333;18.0;;;;;;;;;;;;;;;;;;;
20180605;d;61511935;4;P;709030;333;18.0;;;;;;;;;;;;;;;;;;;
20180605;d;60617645;4;Z;709030;333;34.0;;;;;;;;;;;;;;;;;;;
20180605;d;60617726;4;Z;709030;333;34.0;;;;;;;;;;;;;;;;;;;
20180605;d;60675530;4;Z;709030;333;34.0;;;;;;;;;;;;;;;;;;;
20180605;d;60675534;4;Z;709030;333;34.0;;;;;;;;;;;;;;;;;;;
20180605;d;60675566;4;Z;709030;333;34.0;;;;;;;;;;;;;;;;;;;
20180605;d;60675547;4;Z;709030;333;34.0;;;;;;;;;;;;;;;;;;;
20180605;d;61450081;4;Z;709030;333;34.0;;;-0.67627;;;;;;;;;;;;;;;;
20180605;d;61511952;4;P;709030;333;18.0;;;;;;;;;;;;;;;;;;;
20180605;d;60675662;4;Z;709030;333;34.0;;;;;;;;;;;;;;;;;;;
20180605;d;60675665;4;Z;709030;333;34.0;;;0.83155;;;;;;;;;;;;;;;;
20180605;d;60675671;4;Z;709030;333;34.0;;;;;;;;;;;;;;;;;;;
20180605;d;61450136;4;Z;709030;333;34.0;;;;;;;;;;;;;;;;;;;
20180605;d;60675619;4;Z;709030;333;34.0;;;0.18501;;;;;;;;;;;;;;;;
20180605;d;61450205;4;Z;709030;333;34.0;;;;;;;;;;;;;;;;;;;
20180605;d;61450219;4;Z;709030;333;34.0;;;;;;;;;;;;;;;;;;;
20180605;d;61450221;4;Z;709030;333;34.0;;;;;;;;;;;;;;;;;;;
20180605;d;61450225;4;Z;709030;333;34.0;;;-0.76225;;;;;;;;;;;;;;;;
20180605;d;60675673;4;Z;709030;333;34.0;;;;;;;;;;;;;;;;;;;
20180605;d;60675678;4;Z;709030;333;34.0;;;;;;;;;;;;;;;;;;;
20180605;d;61450159;4;Z;709030;333;34.0;;;-0.73086;;;;;;;;;;;;;;;;
20180605;d;61450164;4;Z;709030;333;34.0;;;0.69444;;;;;;;;;;;;;;;;
20180605;d;61450171;4;Z;709030;333;34.0;;;-0.03981;;;;;;;;;;;;;;;;
20180605;d;61557239;4;Z;709030;333;34.0;;;;;;;;;;;;;;;;;;;
20180605;d;61557243;4;Z;709030;333;34.0;;;-0.71301;;;;;;;;;;;;;;;;
20180605;d;61557250;4;Z;709030;333;34.0;;;0.4641;;;;;;;;;;;;;;;;
20180605;d;60617678;4;Z;709030;333;34.0;;;-0.02348;;;;;;;;;;;;;;;;
20180605;d;60617829;4;Z;709030;333;34.0;;;0.03598;;;;;;;;;;;;;;;;
20180605;d;61450240;4;Z;709030;333;34.0;;;0.7551;;;;;;;;;;;;;;;;
20180605;d;61450129;4;Z;709030;333;34.0;;;;;;;;;;;;;;;;;;;
20180605;d;61450288;4;Z;709030;333;34.0;;;0.25929;;;;;;;;;;;;;;;;
20180605;d;61450178;4;Z;709030;333;34.0;;;;;;;;;;;;;;;;;;;
20180605;d;61450183;4;Z;709030;333;34.0;;;;;;;;;;;;;;;;;;;
20180605;d;61450200;4;Z;709030;333;34.0;;;0.03016;;;;;;;;;;;;;;;;
20180605;d;61450312;4;Z;709030;333;34.0;;;;;;;;;;;;;;;;;;;
20180605;d;60675704;4;Z;709030;333;34.0;;;-0.56459;;;;;;;;;;;;;;;;
20180605;d;60675710;4;Z;709030;333;34.0;;;-0.01571;;;;;;;;;;;;;;;;
20180605;d;60675716;4;Z;709030;333;34.0;;;-0.01419;;;;;;;;;;;;;;;;
20180605;d;61450357;4;Z;709030;333;34.0;;;-0.33191;;;;;;;;;;;;;;;;
20180605;d;61450367;4;Z;709030;333;34.0;;;-0.04441;;;;;;;;;;;;;;;;
20180605;d;61450197;4;Z;709030;333;34.0;;;;;;;;;;;;;;;;;;;
20180605;d;61450199;4;Z;709030;333;34.0;;;;;;;;;;;;;;;;;;;
20180605;d;61450202;4;Z;709030;333;34.0;;;0.02598;;;;;;;;;;;;;;;;
20180605;d;60675583;4;Z;709030;333;34.0;;;;;;;;;;;;;;;;;;;
20180605;d;61450180;4;Z;709030;333;34.0;;;;;;;;;;;;;;;;;;;
20180605;d;60675699;4;Z;709030;333;34.0;;;0.03784;;;;;;;;;;;;;;;;
20180605;d;60675700;4;Z;709030;333;34.0;;;;;;;;;;;;;;;;;;;
20180605;d;61450186;4;Z;709030;333;34.0;;;;;;;;;;;;;;;;;;;
20180605;d;61450291;4;Z;709030;333;34.0;;;-0.73;;;;;;;;;;;;;;;;
20180605;d;61450303;4;Z;709030;333;34.0;;;-0.12222;;;;;;;;;;;;;;;;
20180605;d;61450305;4;Z;709030;333;34.0;;;-0.1577;;;;;;;;;;;;;;;;
20180605;d;60782499;4;Z;709030;333;34.0;;;0.85855;;;;;;;;;;;;;;;;
20180605;d;60782500;4;Z;709030;333;34.0;;;-0.03316;;;;;;;;;;;;;;;;
20180605;d;60782508;4;Z;709030;333;34.0;;;-0.19305;;;;;;;;;;;;;;;;
20180605;d;61450315;4;Z;709030;333;34.0;;;-0.06322;;;;;;;;;;;;;;;;
20180605;d;61450320;4;Z;709030;333;34.0;;;;;;;;;;;;;;;;;;;
20180605;d;60884303;4;Z;709030;333;34.0;;;-0.01592;;;;;;;;;;;;;;;;
20180605;d;60884307;4;Z;709030;333;34.0;;;-0.93185;;;;;;;;;;;;;;;;
20180605;d;60675567;4;Z;709030;333;34.0;;;;;;;;;;;;;;;;;;;
20180605;d;61450333;4;Z;709030;333;34.0;;;;;;;;;;;;;;;;;;;
20180605;d;61557256;4;Z;709030;333;34.0;;;0.6753;;;;;;;;;;;;;;;;
20180605;d;61557257;4;Z;709030;333;34.0;;;-0.22216;;;;;;;;;;;;;;;;
20180605;d;60675750;4;Z;709030;333;34.0;;;-0.04398;;;;;;;;;;;;;;;;
20180605;d;60675622;4;Z;709030;333;34.0;;;-0.70572;;;;;;;;;;;;;;;;
20180605;d;61450331;4;Z;709030;333;34.0;;;;;;;;;;;;;;;;;;;
20180605;d;61450332;4;Z;709030;333;34.0;;;0.07451;;;;;;;;;;;;;;;;
20180605;d;61512004;4;P;709030;333;18.0;;;;;;;;;;;;;;;;;;;
20180605;d;61512010;4;P;709030;333;18.0;;;;;;;;;;;;;;;;;;;
20180605;d;61512022;4;P;709030;333;18.0;;;;;;;;;;;;;;;;;;;
20180605;d;60880003;4;Z;709030;333;34.0;;;0.01698;;;;;;;;;;;;;;;;
20180605;d;60880007;4;Z;709030;333;34.0;;;0.01922;;;;;;;;;;;;;;;;
20180605;d;60675744;4;Z;709030;333;34.0;;;;;;;;;;;;;;;;;;;
20180605;d;61450341;4;Z;709030;333;34.0;;;;;;;;;;;;;;;;;;;
20180605;d;61450343;4;Z;709030;333;34.0;;;;;;;;;;;;;;;;;;;
20180605;d;61450360;4;Z;709030;333;34.0;;;0.48597;;;;;;;;;;;;;;;;
20180605;d;60675728;4;Z;709030;333;34.0;;;;;;;;;;;;;;;;;;;
20180605;d;60675729;4;Z;709030;333;34.0;;;;;;;;;;;;;;;;;;;
20180605;d;60675731;4;Z;709030;333;34.0;;;;;;;;;;;;;;;;;;;
20180605;d;3477551;12;6;285328;44;33.0;1.0;1.0;;0.0;;;;;;;;20.0;;;;;;;
20180605;d;61450373;4;Z;709030;333;34.0;;;-0.10042;;;;;;;;;;;;;;;;
20180605;d;61450380;4;Z;709030;333;34.0;;;;;;;;;;;;;;;;;;;
20180605;d;60675718;4;Z;709030;333;34.0;;;;;;;;;;;;;;;;;;;
20180605;d;60675722;4;Z;709030;333;34.0;;;;;;;;;;;;;;;;;;;
20180605;d;61511970;4;P;709030;333;18.0;;;;;;;;;;;;;;;;;;;
20180605;d;61450392;4;Z;709030;333;34.0;;;;;;;;;;;;;;;;;;;
20180605;d;60675755;4;Z;709030;333;34.0;;;;;;;;;;;;;;;;;;;
20180605;d;61450383;4;Z;709030;333;34.0;;;-0.05914;;;;;;;;;;;;;;;;
20180605;d;61450386;4;Z;709030;333;34.0;;;;;;;;;;;;;;;;;;;
20180605;d;60617969;4;Z;709030;333;34.0;;;0.07699;;;;;;;;;;;;;;;;
20180605;d;60617845;4;Z;709030;333;34.0;;;0.59004;;;;;;;;;;;;;;;;
20180605;d;60617850;4;Z;709030;333;34.0;;;-0.12936;;;;;;;;;;;;;;;;
20180605;d;60617915;4;Z;709030;333;34.0;;;0.82621;;;;;;;;;;;;;;;;
20180605;d;61450485;4;Z;709030;333;34.0;;;-0.87838;;;;;;;;;;;;;;;;
20180605;d;61450493;4;Z;709030;333;34.0;;;-0.59891;;;;;;;;;;;;;;;;
20180605;d;61450505;4;Z;709030;333;34.0;;;-0.36147;;;;;;;;;;;;;;;;
20180605;d;61450508;4;Z;709030;333;34.0;;;0.56111;;;;;;;;;;;;;;;;
20180605;d;61511994;4;P;709030;333;18.0;;;;;;;;;;;;;;;;;;;
20180605;d;61511997;4;P;709030;333;18.0;;;;;;;;;;;;;;;;;;;
20180605;d;61512001;4;P;709030;333;18.0;;;;;;;;;;;;;;;;;;;
20180605;d;60617861;4;Z;709030;333;34.0;;;0.09062;;;;;;;;;;;;;;;;
20180605;d;61450477;4;Z;709030;333;34.0;;;;;;;;;;;;;;;;;;;
20180605;d;61450479;4;Z;709030;333;34.0;;;;;;;;;;;;;;;;;;;
20180605;d;60675793;4;Z;709030;333;34.0;;;;;;;;;;;;;;;;;;;
20180605;d;60617789;4;Z;709030;333;34.0;;;0.84729;;;;;;;;;;;;;;;;
20180605;d;60617840;4;Z;709030;333;34.0;;;-0.58432;;;;;;;;;;;;;;;;
20180605;d;60617851;4;Z;709030;333;34.0;;;0.89228;;;;;;;;;;;;;;;;
20180605;d;61450480;4;Z;709030;333;34.0;;;0.13538;;;;;;;;;;;;;;;;
20180605;d;61450482;4;Z;709030;333;34.0;;;0.19652;;;;;;;;;;;;;;;;
20180605;d;61450484;4;Z;709030;333;34.0;;;0.17719;;;;;;;;;;;;;;;;
20180605;d;61557263;4;Z;709030;333;34.0;;;-0.10129;;;;;;;;;;;;;;;;
20180605;d;3547253;12;6;361630;402;41.0;;;;;;;;;;;;1.0;;;;;;;
20180605;d;61512012;4;P;709030;333;18.0;;;;;;;;;;;;;;;;;;;
20180605;d;61512024;4;P;709030;333;18.0;;;;;;;;;;;;;;;;;;;
20180605;d;60782515;4;Z;709030;333;34.0;;;0.74565;;;;;;;;;;;;;;;;
20180605;d;60675799;4;Z;709030;333;34.0;;;;;;;;;;;;;;;;;;;
20180605;d;60675800;4;Z;709030;333;34.0;;;;;;;;;;;;;;;;;;;
20180605;d;60675801;4;Z;709030;333;34.0;;;0.14633;;;;;;;;;;;;;;;;
20180605;d;60675805;4;Z;709030;333;34.0;;;0.99268;;;;;;;;;;;;;;;;
20180605;d;60675828;4;Z;709030;333;34.0;;;;;;;;;;;;;;;;;;;
20180605;d;60675831;4;Z;709030;333;34.0;;;0.05566;;;;;;;;;;;;;;;;
20180605;d;61557277;4;Z;709030;333;34.0;;;-0.14284;;;;;;;;;;;;;;;;
20180605;d;61450504;4;Z;709030;333;34.0;;;0.49142;;;;;;;;;;;;;;;;
20180605;d;61450509;4;Z;709030;333;34.0;;;-0.2955;;;;;;;;;;;;;;;;
20180605;d;60617860;4;Z;709030;333;34.0;;;;;;;;;;;;;;;;;;;
20180605;d;61512031;4;P;709030;333;18.0;;;;;;;;;;;;;;;;;;;1.0
20180605;d;61512033;4;P;709030;333;18.0;;;;;;;;;;;;;;;;;;;
20180605;d;60617970;4;Z;709030;333;34.0;;;;;;;;;;;;;;;;;;;
20180605;d;60675837;4;Z;709030;333;34.0;;;0.71884;;;;;;;;;;;;;;;;
20180605;d;60675847;4;Z;709030;333;34.0;;;0.34947;;;;;;;;;;;;;;;;
20180605;d;60675851;4;Z;709030;333;34.0;;;;;;;;;;;;;;;;;;;
20180605;d;60675930;4;Z;709030;333;34.0;;;;;;;;;;;;;;;;;;;
20180605;d;60675859;4;Z;709030;333;34.0;;;;;;;;;;;;;;;;;;;
20180605;d;60675860;4;Z;709030;333;34.0;;;;;;;;;;;;;;;;;;;
20180605;d;60675861;4;Z;709030;333;34.0;;;;;;;;;;;;;;;;;;;
20180605;d;60675862;4;Z;709030;333;34.0;;;;;;;;;;;;;;;;;;;
20180605;d;60675872;4;Z;709030;333;34.0;;;;;;;;;;;;;;;;;;;
20180605;d;60617979;4;Z;709030;333;34.0;;;0.2525;;;;;;;;;;;;;;;;
20180605;d;60440391;4;Z;709030;333;34.0;;;;;;;;;;;;;;;;;;;
20180605;d;60440392;4;Z;709030;333;34.0;;;;;;;;;;;;;;;;;;;
20180605;d;60675876;4;Z;709030;333;34.0;;;;;;;;;;;;;;;;;;;
20180605;d;60675883;4;Z;709030;333;34.0;;;;;;;;;;;;;;;;;;;
20180605;d;60675892;4;Z;709030;333;34.0;;;;;;;;;;;;;;;;;;;
20180605;d;60675942;4;Z;709030;333;34.0;;;-0.62644;;;;;;;;;;;;;;;;
20180605;d;60675992;4;Z;709030;333;34.0;;;-0.20306;;;;;;;;;;;;;;;;
20180605;d;60675996;4;Z;709030;333;34.0;;;-0.03622;;;;;;;;;;;;;;;;
20180605;d;60675998;4;Z;709030;333;34.0;;;-0.12642;;;;;;;;;;;;;;;;
20180605;d;60675982;4;Z;709030;333;34.0;;;;;;;;;;;;;;;;;;;
20180605;d;10716402;12;6;26338;1;33.0;1.0;1.0;;;;;;;;;;1.0;;;;;;;4.0
20180605;d;10716403;12;6;26338;1;33.0;1.0;1.0;;;;;;;;;;1.0;;;;;;;2.0
20180605;d;60675957;4;Z;709030;333;34.0;;;0.76355;;;;;;;;;;;;;;;;
20180605;d;60675960;4;Z;709030;333;34.0;;;-0.05384;;;;;;;;;;;;;;;;
20180605;d;60676077;4;Z;709030;333;34.0;;;;;;;;;;;;;;;;;;;
20180605;d;61512046;4;P;709030;333;18.0;;;;;;;;;;;;;;;;;;;
20180605;d;61512048;4;P;709030;333;18.0;;;;;;;;;;;;;;;;;;;
20180605;d;61512063;4;P;709030;333;18.0;;;;;;;;;;;;;;;;;;;
20180605;d;61512066;4;P;709030;333;18.0;;;;;;;;;;;;;;;;;;;
20180605;d;60676065;4;Z;709030;333;34.0;;;0.10521;;;;;;;;;;;;;;;;
20180605;d;60676040;4;Z;709030;333;34.0;;;;;;;;;;;;;;;;;;;
20180605;d;60676041;4;Z;709030;333;34.0;;;0.17299;;;;;;;;;;;;;;;;
20180605;d;61557289;4;Z;709030;333;34.0;;;-0.01113;;;;;;;;;;;;;;;;
20180605;d;61557292;4;Z;709030;333;34.0;;;;;;;;;;;;;;;;;;;
20180605;d;61557295;4;Z;709030;333;34.0;;;;;;;;;;;;;;;;;;;
20180605;d;61557298;4;Z;709030;333;34.0;;;;;;;;;;;;;;;;;;;
20180605;d;61557304;4;Z;709030;333;34.0;;;;;;;;;;;;;;;;;;;
20180605;d;61557314;4;Z;709030;333;34.0;;;;;;;;;;;;;;;;;;;
20180605;d;1438854;12;6;6108;402;33.0;1.0;2.0;;1.0;;;;;;;;;;;;;;;1.0
20180605;d;2802773;12;6;6108;402;33.0;1.0;1.0;;0.0;;;;;;;;;;;;;;;5.0
20180605;d;61452731;4;Z;709030;333;34.0;;;-0.2263;;;;;;;;;;;;;;;;
20180605;d;61452735;4;Z;709030;333;34.0;;;-0.20609;;;;;;;;;;;;;;;;
20180605;d;61511846;4;P;709030;333;18.0;;;;;;;;;;;;;;;;;;;1.0
20180605;d;61511856;4;P;709030;333;18.0;;;;;;;;;;;;;;;;;;;
20180605;d;61511837;4;P;709030;333;18.0;;;;;;;;;;;;;;;;;;;1.0
20180605;d;61511858;4;P;709030;333;18.0;;;;;;;;;;;;;;;;;;;
20180605;d;60675455;4;Z;709030;333;34.0;;;;;;;;;;;;;;;;;;;
20180605;d;60675389;4;Z;709030;333;34.0;;;0.56438;;;;;;;;;;;;;;;;
20180605;d;61511836;4;P;709030;333;18.0;;;;;;;;;;;;;;;;;;;
20180605;d;61511847;4;P;709030;333;18.0;;;;;;;;;;;;;;;;;;;1.0
20180605;d;60675484;4;Z;709030;333;34.0;;;;;;;;;;;;;;;;;;;
20180605;d;60675486;4;Z;709030;333;34.0;;;;;;;;;;;;;;;;;;;
20180605;d;61511871;4;P;709030;333;18.0;;;;;;;;;;;;;;;;;;;1.0
20180605;d;61511875;4;P;709030;333;18.0;;;;;;;;;;;;;;;;;;;1.0
20180605;d;61511878;4;P;709030;333;18.0;;;;;;;;;;;;;;;;;;;
20180605;d;60675368;4;Z;709030;333;34.0;;;-0.50435;;;;;;;;;;;;;;;;
20180605;d;60675370;4;Z;709030;333;34.0;;;-0.06743;;;;;;;;;;;;;;;;
20180605;d;60675375;4;Z;709030;333;34.0;;;0.11861;;;;;;;;;;;;;;;;
20180605;d;61511861;4;P;709030;333;18.0;;;;;;;;;;;;;;;;;;;
20180605;d;61449968;4;Z;709030;333;34.0;;;;;;;;;;;;;;;;;;;
20180605;d;61449971;4;Z;709030;333;34.0;;;-0.01214;;;;;;;;;;;;;;;;
20180605;d;61449973;4;Z;709030;333;34.0;;;-0.01101;;;;;;;;;;;;;;;;
20180605;d;61449975;4;Z;709030;333;34.0;;;;;;;;;;;;;;;;;;;
20180605;d;61449985;4;Z;709030;333;34.0;;;;;;;;;;;;;;;;;;;
20180605;d;60675493;4;Z;709030;333;34.0;;;0.24068;;;;;;;;;;;;;;;;
20180605;d;60675498;4;Z;709030;333;34.0;;;;;;;;;;;;;;;;;;;
20180605;d;61511880;4;P;709030;333;18.0;;;;;;;;;;;;;;;;;;;1.0
20180605;d;60675355;4;Z;709030;333;34.0;;;;;;;;;;;;;;;;;;;
20180605;d;61450007;4;Z;709030;333;34.0;;;-0.39151;;;;;;;;;;;;;;;;
20180605;d;61449980;4;Z;709030;333;34.0;;;0.01765;;;;;;;;;;;;;;;;
20180605;d;60675374;4;Z;709030;333;34.0;;;-0.68023;;;;;;;;;;;;;;;;
20180605;d;61449984;4;Z;709030;333;34.0;;;0.12427;;;;;;;;;;;;;;;;
20180605;d;61449986;4;Z;709030;333;34.0;;;0.01929;;;;;;;;;;;;;;;;
20180605;d;60675393;4;Z;709030;333;34.0;;;0.7184;;;;;;;;;;;;;;;;
20180605;d;60617661;4;Z;709030;333;34.0;;;0.05271;;;;;;;;;;;;;;;;
20180605;d;61450058;4;Z;709030;333;34.0;;;;;;;;;;;;;;;;;;;
20180605;d;61511918;4;P;709030;333;18.0;;;;;;;;;;;;;;;;;;;1.0
20180605;d;61511919;4;P;709030;333;18.0;;;;;;;;;;;;;;;;;;;1.0
20180605;d;60617842;4;Z;709030;333;34.0;;;-0.45689;;;;;;;;;;;;;;;;
20180605;d;60617751;4;Z;709030;333;34.0;;;0.23576;;;;;;;;;;;;;;;;
20180605;d;61450123;4;Z;709030;333;34.0;;;-0.02552;;;;;;;;;;;;;;;;
20180605;d;61450024;4;Z;709030;333;34.0;;;0.81362;;;;;;;;;;;;;;;;
20180605;d;61450031;4;Z;709030;333;34.0;;;-0.10549;;;;;;;;;;;;;;;;
20180605;d;61450034;4;Z;709030;333;34.0;;;0.68121;;;;;;;;;;;;;;;;
20180605;d;60675454;4;Z;709030;333;34.0;;;;;;;;;;;;;;;;;;;
20180605;d;61450082;4;Z;709030;333;34.0;;;0.3548;;;;;;;;;;;;;;;;
20180605;d;61450105;4;Z;709030;333;34.0;;;-0.1264;;;;;;;;;;;;;;;;
20180605;d;60617791;4;Z;709030;333;34.0;;;0.86107;;;;;;;;;;;;;;;;
20180605;d;61450002;4;Z;709030;333;34.0;;;0.36601;;;;;;;;;;;;;;;;
20180605;d;61557217;4;Z;709030;333;34.0;;;-0.05828;;;;;;;;;;;;;;;;
20180605;d;61557219;4;Z;709030;333;34.0;;;-0.05102;;;;;;;;;;;;;;;;
20180605;d;60675449;4;Z;709030;333;34.0;;;;;;;;;;;;;;;;;;;
20180605;d;60675483;4;Z;709030;333;34.0;;;0.21643;;;;;;;;;;;;;;;;
20180605;d;60675488;4;Z;709030;333;34.0;;;;;;;;;;;;;;;;;;;
20180605;d;61557225;4;Z;709030;333;34.0;;;-0.33564;;;;;;;;;;;;;;;;
20180605;d;61557230;4;Z;709030;333;34.0;;;0.00988;;;;;;;;;;;;;;;;
20180605;d;61557237;4;Z;709030;333;34.0;;;;;;;;;;;;;;;;;;;
20180605;d;61511920;4;P;709030;333;18.0;;;;;;;;;;;;;;;;;;;
20180605;d;61511932;4;P;709030;333;18.0;;;;;;;;;;;;;;;;;;;
20180605;d;60617721;4;Z;709030;333;34.0;;;;;;;;;;;;;;;;;;;
20180605;d;60617690;4;Z;709030;333;34.0;;;;;;;;;;;;;;;;;;;
20180605;d;60617715;4;Z;709030;333;34.0;;;0.13627;;;;;;;;;;;;;;;;
20180605;d;60617771;4;Z;709030;333;34.0;;;0.63432;;;;;;;;;;;;;;;;
20180605;d;60617793;4;Z;709030;333;34.0;;;0.87074;;;;;;;;;;;;;;;;
20180605;d;60675571;4;Z;709030;333;34.0;;;0.04387;;;;;;;;;;;;;;;;
20180605;d;60675497;4;Z;709030;333;34.0;;;0.30188;;;;;;;;;;;;;;;;
20180605;d;61450067;4;Z;709030;333;34.0;;;-0.03246;;;;;;;;;;;;;;;;
20180605;d;61450101;4;Z;709030;333;34.0;;;-0.1884;;;;;;;;;;;;;;;;
20180605;d;60675587;4;Z;709030;333;34.0;;;0.3893;;;;;;;;;;;;;;;;
20180605;d;60675668;4;Z;709030;333;34.0;;;;;;;;;;;;;;;;;;;
20180605;d;60675670;4;Z;709030;333;34.0;;;;;;;;;;;;;;;;;;;
20180605;d;61450134;4;Z;709030;333;34.0;;;;;;;;;;;;;;;;;;;
20180605;d;60675610;4;Z;709030;333;34.0;;;;;;;;;;;;;;;;;;;
20180605;d;60675612;4;Z;709030;333;34.0;;;;;;;;;;;;;;;;;;;
20180605;d;61511938;4;P;709030;333;18.0;;;;;;;;;;;;;;;;;;;
20180605;d;60675514;4;Z;709030;333;34.0;;;-0.18631;;;;;;;;;;;;;;;;
20180605;d;61450210;4;Z;709030;333;34.0;;;0.07593;;;;;;;;;;;;;;;;
20180605;d;60675674;4;Z;709030;333;34.0;;;;;;;;;;;;;;;;;;;
20180605;d;60675675;4;Z;709030;333;34.0;;;;;;;;;;;;;;;;;;;
20180605;d;60675679;4;Z;709030;333;34.0;;;;;;;;;;;;;;;;;;;
20180605;d;61450162;4;Z;709030;333;34.0;;;0.80095;;;;;;;;;;;;;;;;
20180605;d;61557241;4;Z;709030;333;34.0;;;-0.79591;;;;;;;;;;;;;;;;
20180605;d;61557246;4;Z;709030;333;34.0;;;0.43779;;;;;;;;;;;;;;;;
20180605;d;61450257;4;Z;709030;333;34.0;;;-0.03777;;;;;;;;;;;;;;;;
20180605;d;61450265;4;Z;709030;333;34.0;;;-0.02276;;;;;;;;;;;;;;;;
20180605;d;61450246;4;Z;709030;333;34.0;;;0.89293;;;;;;;;;;;;;;;;
20180605;d;61450118;4;Z;709030;333;34.0;;;;;;;;;;;;;;;;;;;
20180605;d;61450120;4;Z;709030;333;34.0;;;;;;;;;;;;;;;;;;;
20180605;d;61450270;4;Z;709030;333;34.0;;;;;;;;;;;;;;;;;;;
20180605;d;61450198;4;Z;709030;333;34.0;;;;;;;;;;;;;;;;;;;
20180605;d;60675654;4;Z;709030;333;34.0;;;-0.05735;;;;;;;;;;;;;;;;
20180605;d;60675655;4;Z;709030;333;34.0;;;;;;;;;;;;;;;;;;;
20180605;d;60675658;4;Z;709030;333;34.0;;;;;;;;;;;;;;;;;;;
20180605;d;60675659;4;Z;709030;333;34.0;;;;;;;;;;;;;;;;;;;
20180605;d;61450308;4;Z;709030;333;34.0;;;0.99;;;;;;;;;;;;;;;;
20180605;d;60675706;4;Z;709030;333;34.0;;;-0.25585;;;;;;;;;;;;;;;;
20180605;d;60675712;4;Z;709030;333;34.0;;;-0.02099;;;;;;;;;;;;;;;;
20180605;d;61450348;4;Z;709030;333;34.0;;;0.12825;;;;;;;;;;;;;;;;
20180605;d;61450350;4;Z;709030;333;34.0;;;0.2232;;;;;;;;;;;;;;;;
20180605;d;61450353;4;Z;709030;333;34.0;;;;;;;;;;;;;;;;;;;
20180605;d;61450355;4;Z;709030;333;34.0;;;;;;;;;;;;;;;;;;;
20180605;d;61450361;4;Z;709030;333;34.0;;;-0.08823;;;;;;;;;;;;;;;;
20180605;d;61450368;4;Z;709030;333;34.0;;;0.98;;;;;;;;;;;;;;;;
20180605;d;61450190;4;Z;709030;333;34.0;;;;;;;;;;;;;;;;;;;
20180605;d;61450209;4;Z;709030;333;34.0;;;;;;;;;;;;;;;;;;;
20180605;d;61450143;4;Z;709030;333;34.0;;;;;;;;;;;;;;;;;;;
20180605;d;60675586;4;Z;709030;333;34.0;;;;;;;;;;;;;;;;;;;
20180605;d;60675598;4;Z;709030;333;34.0;;;-0.03673;;;;;;;;;;;;;;;;
20180605;d;61450163;4;Z;709030;333;34.0;;;-0.29637;;;;;;;;;;;;;;;;
20180605;d;61450176;4;Z;709030;333;34.0;;;;;;;;;;;;;;;;;;;
20180605;d;61450293;4;Z;709030;333;34.0;;;;;;;;;;;;;;;;;;;
20180605;d;61450295;4;Z;709030;333;34.0;;;-0.42179;;;;;;;;;;;;;;;;
20180605;d;61450299;4;Z;709030;333;34.0;;;-0.21919;;;;;;;;;;;;;;;;
20180605;d;61450309;4;Z;709030;333;34.0;;;-0.0675;;;;;;;;;;;;;;;;
20180605;d;61450327;4;Z;709030;333;34.0;;;;;;;;;;;;;;;;;;;
20180605;d;61450215;4;Z;709030;333;34.0;;;;;;;;;;;;;;;;;;;
20180605;d;61450227;4;Z;709030;333;34.0;;;;;;;;;;;;;;;;;;;
20180605;d;60884305;4;Z;709030;333;34.0;;;-0.01381;;;;;;;;;;;;;;;;
20180605;d;61450242;4;Z;709030;333;34.0;;;0.84698;;;;;;;;;;;;;;;;
20180605;d;60675556;4;Z;709030;333;34.0;;;;;;;;;;;;;;;;;;;
20180605;d;60675565;4;Z;709030;333;34.0;;;;;;;;;;;;;;;;;;;
20180605;d;61450342;4;Z;709030;333;34.0;;;0.14268;;;;;;;;;;;;;;;;
20180605;d;60675609;4;Z;709030;333;34.0;;;0.0364;;;;;;;;;;;;;;;;
20180605;d;61450325;4;Z;709030;333;34.0;;;;;;;;;;;;;;;;;;;
20180605;d;61450336;4;Z;709030;333;34.0;;;0.08228;;;;;;;;;;;;;;;;
20180605;d;61511988;4;P;709030;333;18.0;;;;;;;;;;;;;;;;;;;
20180605;d;60879954;4;Z;709030;333;34.0;;;;;;;;;;;;;;;;;;;
20180605;d;60880001;4;Z;709030;333;34.0;;;0.01984;;;;;;;;;;;;;;;;
20180605;d;61450352;4;Z;709030;333;34.0;;;0.12138;;;;;;;;;;;;;;;;
20180605;d;60675730;4;Z;709030;333;34.0;;;;;;;;;;;;;;;;;;;
20180605;d;61450339;4;Z;709030;333;34.0;;;;;;;;;;;;;;;;;;;
20180605;d;61450370;4;Z;709030;333;34.0;;;;;;;;;;;;;;;;;;;
20180605;d;60617769;4;Z;709030;333;34.0;;;0.59877;;;;;;;;;;;;;;;;
20180605;d;60675720;4;Z;709030;333;34.0;;;;;;;;;;;;;;;;;;;
20180605;d;60675724;4;Z;709030;333;34.0;;;;;;;;;;;;;;;;;;;
20180605;d;61450364;4;Z;709030;333;34.0;;;0.68646;;;;;;;;;;;;;;;;
20180605;d;61450366;4;Z;709030;333;34.0;;;;;;;;;;;;;;;;;;;
20180605;d;61450390;4;Z;709030;333;34.0;;;;;;;;;;;;;;;;;;;
20180605;d;61450394;4;Z;709030;333;34.0;;;;;;;;;;;;;;;;;;;
20180605;d;61450389;4;Z;709030;333;34.0;;;-0.04157;;;;;;;;;;;;;;;;
20180605;d;60675753;4;Z;709030;333;34.0;;;;;;;;;;;;;;;;;;;
20180605;d;60675761;4;Z;709030;333;34.0;;;;;;;;;;;;;;;;;;;
20180605;d;60675765;4;Z;709030;333;34.0;;;0.07869;;;;;;;;;;;;;;;;
20180605;d;60675766;4;Z;709030;333;34.0;;;;;;;;;;;;;;;;;;;
20180605;d;60617770;4;Z;709030;333;34.0;;;-0.33972;;;;;;;;;;;;;;;;
20180605;d;60617813;4;Z;709030;333;34.0;;;0.78892;;;;;;;;;;;;;;;;
20180605;d;60617888;4;Z;709030;333;34.0;;;-0.24253;;;;;;;;;;;;;;;;
20180605;d;61450491;4;Z;709030;333;34.0;;;-0.76088;;;;;;;;;;;;;;;;
20180605;d;61450512;4;Z;709030;333;34.0;;;0.63046;;;;;;;;;;;;;;;;
20180605;d;60617988;4;Z;709030;333;34.0;;;-0.41673;;;;;;;;;;;;;;;;
20180605;d;60617879;4;Z;709030;333;34.0;;;0.36653;;;;;;;;;;;;;;;;
20180605;d;61450475;4;Z;709030;333;34.0;;;;;;;;;;;;;;;;;;;
20180605;d;61450483;4;Z;709030;333;34.0;;;-0.93556;;;;;;;;;;;;;;;;
20180605;d;60617822;4;Z;709030;333;34.0;;;;;;;;;;;;;;;;;;;
20180605;d;61450457;4;Z;709030;333;34.0;;;;;;;;;;;;;;;;;;;
20180605;d;60617847;4;Z;709030;333;34.0;;;0.696;;;;;;;;;;;;;;;;
20180605;d;61450474;4;Z;709030;333;34.0;;;0.11152;;;;;;;;;;;;;;;;
20180605;d;61557269;4;Z;709030;333;34.0;;;-0.05686;;;;;;;;;;;;;;;;
20180605;d;61450486;4;Z;709030;333;34.0;;;0.25823;;;;;;;;;;;;;;;;
20180605;d;61450488;4;Z;709030;333;34.0;;;0.22637;;;;;;;;;;;;;;;;
20180605;d;61450490;4;Z;709030;333;34.0;;;0.31676;;;;;;;;;;;;;;;;
20180605;d;61512009;4;P;709030;333;18.0;;;;;;;;;;;;;;;;;;;
20180605;d;61512020;4;P;709030;333;18.0;;;;;;;;;;;;;;;;;;;1.0
20180605;d;61512021;4;P;709030;333;18.0;;;;;;;;;;;;;;;;;;;1.0
20180605;d;60782511;4;Z;709030;333;34.0;;;0.77886;;;;;;;;;;;;;;;;
20180605;d;61512037;4;P;709030;333;18.0;;;;;;;;;;;;;;;;;;;
20180605;d;60675826;4;Z;709030;333;34.0;;;;;;;;;;;;;;;;;;;
20180605;d;61557273;4;Z;709030;333;34.0;;;-0.004;;;;;;;;;;;;;;;;
20180605;d;61450498;4;Z;709030;333;34.0;;;0.45589;;;;;;;;;;;;;;;;
20180605;d;60675816;4;Z;709030;333;34.0;;;;;;;;;;;;;;;;;;;
20180605;d;61557282;4;Z;709030;333;34.0;;;;;;;;;;;;;;;;;;;
20180605;d;60617890;4;Z;709030;333;34.0;;;-0.2066;;;;;;;;;;;;;;;;
20180605;d;60617898;4;Z;709030;333;34.0;;;;;;;;;;;;;;;;;;;
20180605;d;61512042;4;P;709030;333;18.0;;;;;;;;;;;;;;;;;;;1.0
20180605;d;61512047;4;P;709030;333;18.0;;;;;;;;;;;;;;;;;;;
20180605;d;60617911;4;Z;709030;333;34.0;;;0.32918;;;;;;;;;;;;;;;;
20180605;d;60675836;4;Z;709030;333;34.0;;;-0.13418;;;;;;;;;;;;;;;;
20180605;d;60675850;4;Z;709030;333;34.0;;;;;;;;;;;;;;;;;;;
20180605;d;60675852;4;Z;709030;333;34.0;;;;;;;;;;;;;;;;;;;
20180605;d;60675855;4;Z;709030;333;34.0;;;;;;;;;;;;;;;;;;;
20180605;d;60675932;4;Z;709030;333;34.0;;;;;;;;;;;;;;;;;;;
20180605;d;60617971;4;Z;709030;333;34.0;;;0.1297;;;;;;;;;;;;;;;;
20180605;d;60440385;4;Z;709030;333;34.0;;;;;;;;;;;;;;;;;;;
20180605;d;60675885;4;Z;709030;333;34.0;;;;;;;;;;;;;;;;;;;
20180605;d;60675891;4;Z;709030;333;34.0;;;;;;;;;;;;;;;;;;;
20180605;d;60675893;4;Z;709030;333;34.0;;;;;;;;;;;;;;;;;;;
20180605;d;60675939;4;Z;709030;333;34.0;;;0.09465;;;;;;;;;;;;;;;;
20180605;d;60675941;4;Z;709030;333;34.0;;;;;;;;;;;;;;;;;;;
20180605;d;60675943;4;Z;709030;333;34.0;;;0.45676;;;;;;;;;;;;;;;;
20180605;d;60675947;4;Z;709030;333;34.0;;;;;;;;;;;;;;;;;;;
20180605;d;60675949;4;Z;709030;333;34.0;;;;;;;;;;;;;;;;;;;
20180605;d;60675950;4;Z;709030;333;34.0;;;-0.79645;;;;;;;;;;;;;;;;
20180605;d;60675989;4;Z;709030;333;34.0;;;0.36254;;;;;;;;;;;;;;;;
20180605;d;60675990;4;Z;709030;333;34.0;;;-0.41876;;;;;;;;;;;;;;;;
20180605;d;60675980;4;Z;709030;333;34.0;;;;;;;;;;;;;;;;;;;
20180605;d;60675981;4;Z;709030;333;34.0;;;;;;;;;;;;;;;;;;;
20180605;d;60675986;4;Z;709030;333;34.0;;;;;;;;;;;;;;;;;;;
20180605;d;10140821;12;6;416131;939;33.0;1.0;1.0;;0.0;;;;;;;;1.0;;;;;;;7.0
20180605;d;60440394;4;Z;709030;333;34.0;;;;;;;;;;;;;;;;;;;
20180605;d;60675973;4;Z;709030;333;34.0;;;;;;;;;;;;;;;;;;;
20180605;d;60675977;4;Z;709030;333;34.0;;;;;;;;;;;;;;;;;;;
20180605;d;10716407;12;6;26338;1;33.0;1.0;1.0;;;;;;;;;;1.0;;;;;;;5.0
20180605;d;60782524;4;Z;709030;333;34.0;;;-0.29226;;;;;;;;;;;;;;;;
20180605;d;60676080;4;Z;709030;333;34.0;;;;;;;;;;;;;;;;;;;
20180605;d;61512067;4;P;709030;333;18.0;;;;;;;;;;;;;;;;;;;1.0
20180605;d;61557287;4;Z;709030;333;34.0;;;-0.10481;;;;;;;;;;;;;;;;
20180605;d;61557310;4;Z;709030;333;34.0;;;;;;;;;;;;;;;;;;;
20180605;d;61557317;4;Z;709030;333;34.0;;;-0.0049;;;;;;;;;;;;;;;;
20180605;d;61557326;4;Z;709030;333;34.0;;;0.28325;;;;;;;;;;;;;;;;
20180605;d;60676043;4;Z;709030;333;34.0;;;0.19231;;;;;;;;;;;;;;;;
20180605;d;60676044;4;Z;709030;333;34.0;;;-0.78453;;;;;;;;;;;;;;;;
20180605;d;60676051;4;Z;709030;333;34.0;;;;;;;;;;;;;;;;;;;
20180605;d;60676000;4;Z;709030;333;34.0;;;-0.04785;;;;;;;;;;;;;;;;
20180605;d;60676003;4;Z;709030;333;34.0;;;;;;;;;;;;;;;;;;;
20180605;d;1750917;12;6;63931;1;33.0;1.0;1.0;;0.0;;;;;;;;25.0;;;;;;;2.0
20180605;d;1901559;12;6;6108;402;33.0;1.0;1.0;;;;;;;;;;;;;;;;;
20180605;d;60879953;4;Z;709030;333;34.0;;;-0.06071;;;;;;;;;;;;;;;;
20180605;d;61511860;4;P;709030;333;18.0;;;;;;;;;;;;;;;;;;;
20180605;d;60675364;4;Z;709030;333;34.0;;;;;;;;;;;;;;;;;;;
20180605;d;61449959;4;Z;709030;333;34.0;;;-0.01159;;;;;;;;;;;;;;;;
20180605;d;60675480;4;Z;709030;333;34.0;;;;;;;;;;;;;;;;;;;
20180605;d;61511848;4;P;709030;333;18.0;;;;;;;;;;;;;;;;;;;
20180605;d;61511887;4;P;709030;333;18.0;;;;;;;;;;;;;;;;;;;
20180605;d;61511889;4;P;709030;333;18.0;;;;;;;;;;;;;;;;;;;
20180605;d;61511893;4;P;709030;333;18.0;;;;;;;;;;;;;;;;;;;
20180605;d;60782491;4;Z;709030;333;34.0;;;;;;;;;;;;;;;;;;;
20180605;d;60782492;4;Z;709030;333;34.0;;;-0.10414;;;;;;;;;;;;;;;;
20180605;d;60675365;4;Z;709030;333;34.0;;;;;;;;;;;;;;;;;;;
20180605;d;60675373;4;Z;709030;333;34.0;;;0.04756;;;;;;;;;;;;;;;;
20180605;d;60675383;4;Z;709030;333;34.0;;;0.37703;;;;;;;;;;;;;;;;
20180605;d;60675387;4;Z;709030;333;34.0;;;0.48608;;;;;;;;;;;;;;;;
20180605;d;61511864;4;P;709030;333;18.0;;;;;;;;;;;;;;;;;;;
20180605;d;61449969;4;Z;709030;333;34.0;;;-0.01155;;;;;;;;;;;;;;;;
20180605;d;61449979;4;Z;709030;333;34.0;;;;;;;;;;;;;;;;;;;
20180605;d;61449981;4;Z;709030;333;34.0;;;;;;;;;;;;;;;;;;;
20180605;d;60675491;4;Z;709030;333;34.0;;;0.27655;;;;;;;;;;;;;;;;
20180605;d;61511877;4;P;709030;333;18.0;;;;;;;;;;;;;;;;;;;
20180605;d;60675353;4;Z;709030;333;34.0;;;;;;;;;;;;;;;;;;;
20180605;d;61449961;4;Z;709030;333;34.0;;;-0.0171;;;;;;;;;;;;;;;;
20180605;d;61449987;4;Z;709030;333;34.0;;;;;;;;;;;;;;;;;;;
20180605;d;61450017;4;Z;709030;333;34.0;;;-0.28011;;;;;;;;;;;;;;;;
20180605;d;61449972;4;Z;709030;333;34.0;;;;;;;;;;;;;;;;;;;
20180605;d;61449976;4;Z;709030;333;34.0;;;0.04466;;;;;;;;;;;;;;;;
20180605;d;61449993;4;Z;709030;333;34.0;;;;;;;;;;;;;;;;;;;
20180605;d;61450025;4;Z;709030;333;34.0;;;-0.17565;;;;;;;;;;;;;;;;
20180605;d;61450032;4;Z;709030;333;34.0;;;0.90571;;;;;;;;;;;;;;;;
20180605;d;61450033;4;Z;709030;333;34.0;;;-0.29324;;;;;;;;;;;;;;;;
20180605;d;61511898;4;P;709030;333;18.0;;;;;;;;;;;;;;;;;;;
20180605;d;61511900;4;P;709030;333;18.0;;;;;;;;;;;;;;;;;;;1.0
20180605;d;61511908;4;P;709030;333;18.0;;;;;;;;;;;;;;;;;;;1.0
20180605;d;61511912;4;P;709030;333;18.0;;;;;;;;;;;;;;;;;;;
20180605;d;60617676;4;Z;709030;333;34.0;;;-0.02767;;;;;;;;;;;;;;;;
20180605;d;60534293;4;P;709030;333;18.0;;;;;;;;;;;;;;;;;;;
20180605;d;60675432;4;Z;709030;333;34.0;;;;;;;;;;;;;;;;;;;
20180605;d;61450119;4;Z;709030;333;34.0;;;-0.04422;;;;;;;;;;;;;;;;
20180605;d;61450130;4;Z;709030;333;34.0;;;0.09207;;;;;;;;;;;;;;;;
20180605;d;61450014;4;Z;709030;333;34.0;;;0.62999;;;;;;;;;;;;;;;;
20180605;d;61450019;4;Z;709030;333;34.0;;;-0.19067;;;;;;;;;;;;;;;;
20180605;d;61450068;4;Z;709030;333;34.0;;;;;;;;;;;;;;;;;;;
20180605;d;61450060;4;Z;709030;333;34.0;;;;;;;;;;;;;;;;;;;
20180605;d;61450066;4;Z;709030;333;34.0;;;;;;;;;;;;;;;;;;;
20180605;d;61450042;4;Z;709030;333;34.0;;;0.86247;;;;;;;;;;;;;;;;
20180605;d;61450044;4;Z;709030;333;34.0;;;0.8475;;;;;;;;;;;;;;;;
20180605;d;60675471;4;Z;709030;333;34.0;;;0.9;;;;;;;;;;;;;;;;
20180605;d;61450102;4;Z;709030;333;34.0;;;0.99;;;;;;;;;;;;;;;;
20180605;d;60617679;4;Z;709030;333;34.0;;;;;;;;;;;;;;;;;;;
20180605;d;61449992;4;Z;709030;333;34.0;;;0.24366;;;;;;;;;;;;;;;;
20180605;d;61449998;4;Z;709030;333;34.0;;;0.26886;;;;;;;;;;;;;;;;
20180605;d;61557227;4;Z;709030;333;34.0;;;-0.15482;;;;;;;;;;;;;;;;
20180605;d;61557234;4;Z;709030;333;34.0;;;0.06315;;;;;;;;;;;;;;;;
20180605;d;61557235;4;Z;709030;333;34.0;;;;;;;;;;;;;;;;;;;
20180605;d;60675510;4;Z;709030;333;34.0;;;-0.22877;;;;;;;;;;;;;;;;
20180605;d;61511924;4;P;709030;333;18.0;;;;;;;;;;;;;;;;;;;
20180605;d;61511928;4;P;709030;333;18.0;;;;;;;;;;;;;;;;;;;1.0
20180605;d;61511901;4;P;709030;333;18.0;;;;;;;;;;;;;;;;;;;1.0
20180605;d;61511914;4;P;709030;333;18.0;;;;;;;;;;;;;;;;;;;
20180605;d;60675564;4;Z;709030;333;34.0;;;;;;;;;;;;;;;;;;;
20180605;d;60675490;4;Z;709030;333;34.0;;;;;;;;;;;;;;;;;;;
20180605;d;61450078;4;Z;709030;333;34.0;;;0.25066;;;;;;;;;;;;;;;;
20180605;d;61450107;4;Z;709030;333;34.0;;;-0.14766;;;;;;;;;;;;;;;;
20180605;d;61511939;4;P;709030;333;18.0;;;;;;;;;;;;;;;;;;;
20180605;d;60675582;4;Z;709030;333;34.0;;;;;;;;;;;;;;;;;;;
20180605;d;61511951;4;P;709030;333;18.0;;;;;;;;;;;;;;;;;;;1.0
20180605;d;60675666;4;Z;709030;333;34.0;;;;;;;;;;;;;;;;;;;
20180605;d;60675672;4;Z;709030;333;34.0;;;;;;;;;;;;;;;;;;;
20180605;d;61450137;4;Z;709030;333;34.0;;;;;;;;;;;;;;;;;;;
20180605;d;61450148;4;Z;709030;333;34.0;;;;;;;;;;;;;;;;;;;
20180605;d;61450150;4;Z;709030;333;34.0;;;0.17496;;;;;;;;;;;;;;;;
20180605;d;60675608;4;Z;709030;333;34.0;;;;;;;;;;;;;;;;;;;
20180605;d;61450203;4;Z;709030;333;34.0;;;;;;;;;;;;;;;;;;;
20180605;d;61450213;4;Z;709030;333;34.0;;;;;;;;;;;;;;;;;;;
20180605;d;61450152;4;Z;709030;333;34.0;;;0.20265;;;;;;;;;;;;;;;;
20180605;d;61557244;4;Z;709030;333;34.0;;;0.32634;;;;;;;;;;;;;;;;
20180605;d;61450264;4;Z;709030;333;34.0;;;;;;;;;;;;;;;;;;;
20180605;d;60617659;4;Z;709030;333;34.0;;;0.04528;;;;;;;;;;;;;;;;
20180605;d;60617833;4;Z;709030;333;34.0;;;0.12682;;;;;;;;;;;;;;;;
20180605;d;61450247;4;Z;709030;333;34.0;;;-0.02239;;;;;;;;;;;;;;;;
20180605;d;61450251;4;Z;709030;333;34.0;;;-0.03539;;;;;;;;;;;;;;;;
20180605;d;61450268;4;Z;709030;333;34.0;;;;;;;;;;;;;;;;;;;
20180605;d;61450292;4;Z;709030;333;34.0;;;0.33852;;;;;;;;;;;;;;;;
20180605;d;61450173;4;Z;709030;333;34.0;;;-0.10537;;;;;;;;;;;;;;;;
20180605;d;61450175;4;Z;709030;333;34.0;;;-0.09782;;;;;;;;;;;;;;;;
20180605;d;61450194;4;Z;709030;333;34.0;;;;;;;;;;;;;;;;;;;
20180605;d;61450196;4;Z;709030;333;34.0;;;;;;;;;;;;;;;;;;;
20180605;d;60675651;4;Z;709030;333;34.0;;;0.2475;;;;;;;;;;;;;;;;
20180605;d;60675656;4;Z;709030;333;34.0;;;;;;;;;;;;;;;;;;;
20180605;d;60675661;4;Z;709030;333;34.0;;;0.08021;;;;;;;;;;;;;;;;
20180605;d;61450304;4;Z;709030;333;34.0;;;0.90132;;;;;;;;;;;;;;;;
20180605;d;61450306;4;Z;709030;333;34.0;;;0.89418;;;;;;;;;;;;;;;;
20180605;d;61450313;4;Z;709030;333;34.0;;;-0.10901;;;;;;;;;;;;;;;;
20180605;d;61450279;4;Z;709030;333;34.0;;;;;;;;;;;;;;;;;;;
20180605;d;61450285;4;Z;709030;333;34.0;;;;;;;;;;;;;;;;;;;
20180605;d;60675711;4;Z;709030;333;34.0;;;;;;;;;;;;;;;;;;;
20180605;d;60675717;4;Z;709030;333;34.0;;;;;;;;;;;;;;;;;;;
20180605;d;61450168;4;Z;709030;333;34.0;;;0.88238;;;;;;;;;;;;;;;;
20180605;d;61450177;4;Z;709030;333;34.0;;;-0.09271;;;;;;;;;;;;;;;;
20180605;d;60675701;4;Z;709030;333;34.0;;;0.03075;;;;;;;;;;;;;;;;
20180605;d;61450301;4;Z;709030;333;34.0;;;-0.29242;;;;;;;;;;;;;;;;
20180605;d;61450290;4;Z;709030;333;34.0;;;0.21227;;;;;;;;;;;;;;;;
20180605;d;61450316;4;Z;709030;333;34.0;;;;;;;;;;;;;;;;;;;
20180605;d;61450317;4;Z;709030;333;34.0;;;-0.09487;;;;;;;;;;;;;;;;
20180605;d;60675531;4;Z;709030;333;34.0;;;;;;;;;;;;;;;;;;;
20180605;d;60675533;4;Z;709030;333;34.0;;;;;;;;;;;;;;;;;;;
20180605;d;61450220;4;Z;709030;333;34.0;;;0.08507;;;;;;;;;;;;;;;;
20180605;d;60884298;4;Z;709030;333;34.0;;;-0.02352;;;;;;;;;;;;;;;;
20180605;d;61450245;4;Z;709030;333;34.0;;;-0.08211;;;;;;;;;;;;;;;;
20180605;d;61450250;4;Z;709030;333;34.0;;;;;;;;;;;;;;;;;;;
20180605;d;60675554;4;Z;709030;333;34.0;;;;;;;;;;;;;;;;;;;
20180605;d;61450330;4;Z;709030;333;34.0;;;0.07814;;;;;;;;;;;;;;;;
20180605;d;61450338;4;Z;709030;333;34.0;;;0.09908;;;;;;;;;;;;;;;;
20180605;d;61557254;4;Z;709030;333;34.0;;;0.6134;;;;;;;;;;;;;;;;
20180605;d;61557260;4;Z;709030;333;34.0;;;0.79492;;;;;;;;;;;;;;;;
20180605;d;61450321;4;Z;709030;333;34.0;;;-0.0725;;;;;;;;;;;;;;;;
20180605;d;61450326;4;Z;709030;333;34.0;;;;;;;;;;;;;;;;;;;
20180605;d;61511986;4;P;709030;333;18.0;;;;;;;;;;;;;;;;;;;
20180605;d;60675740;4;Z;709030;333;34.0;;;;;;;;;;;;;;;;;;;
20180605;d;60675743;4;Z;709030;333;34.0;;;0.12591;;;;;;;;;;;;;;;;
20180605;d;60675747;4;Z;709030;333;34.0;;;0.44124;;;;;;;;;;;;;;;;
20180605;d;61450347;4;Z;709030;333;34.0;;;;;;;;;;;;;;;;;;;
20180605;d;60675733;4;Z;709030;333;34.0;;;0.05378;;;;;;;;;;;;;;;;
20180605;d;60675735;4;Z;709030;333;34.0;;;0.05953;;;;;;;;;;;;;;;;
20180605;d;60675737;4;Z;709030;333;34.0;;;0.0673;;;;;;;;;;;;;;;;
20180605;d;60675738;4;Z;709030;333;34.0;;;;;;;;;;;;;;;;;;;
20180605;d;61450363;4;Z;709030;333;34.0;;;-0.20329;;;;;;;;;;;;;;;;
20180605;d;61450382;4;Z;709030;333;34.0;;;;;;;;;;;;;;;;;;;
20180605;d;61450384;4;Z;709030;333;34.0;;;;;;;;;;;;;;;;;;;
20180605;d;60617735;4;Z;709030;333;34.0;;;;;;;;;;;;;;;;;;;
20180605;d;60617660;4;Z;709030;333;34.0;;;;;;;;;;;;;;;;;;;
20180605;d;60617677;4;Z;709030;333;34.0;;;;;;;;;;;;;;;;;;;
20180605;d;60675721;4;Z;709030;333;34.0;;;0.02222;;;;;;;;;;;;;;;;
20180605;d;61511972;4;P;709030;333;18.0;;;;;;;;;;;;;;;;;;;
20180605;d;61450388;4;Z;709030;333;34.0;;;;;;;;;;;;;;;;;;;
20180605;d;60675754;4;Z;709030;333;34.0;;;-0.03156;;;;;;;;;;;;;;;;
20180605;d;60675756;4;Z;709030;333;34.0;;;-0.02717;;;;;;;;;;;;;;;;
20180605;d;60675759;4;Z;709030;333;34.0;;;;;;;;;;;;;;;;;;;
20180605;d;60617748;4;Z;709030;333;34.0;;;;;;;;;;;;;;;;;;;
20180605;d;60617681;4;Z;709030;333;34.0;;;;;;;;;;;;;;;;;;;
20180605;d;61450385;4;Z;709030;333;34.0;;;-0.0417;;;;;;;;;;;;;;;;
20180605;d;60675764;4;Z;709030;333;34.0;;;;;;;;;;;;;;;;;;;
20180605;d;60675781;4;Z;709030;333;34.0;;;;;;;;;;;;;;;;;;;
20180605;d;60617779;4;Z;709030;333;34.0;;;0.75068;;;;;;;;;;;;;;;;
20180605;d;60617788;4;Z;709030;333;34.0;;;-0.07731;;;;;;;;;;;;;;;;
20180605;d;61511973;4;P;709030;333;18.0;;;;;;;;;;;;;;;;;;;1.0
20180605;d;61511977;4;P;709030;333;18.0;;;;;;;;;;;;;;;;;;;1.0
20180605;d;61511984;4;P;709030;333;18.0;;;;;;;;;;;;;;;;;;;1.0
20180605;d;60617862;4;Z;709030;333;34.0;;;;;;;;;;;;;;;;;;;
20180605;d;61450503;4;Z;709030;333;34.0;;;-0.47538;;;;;;;;;;;;;;;;
20180605;d;61512007;4;P;709030;333;18.0;;;;;;;;;;;;;;;;;;;
20180605;d;61450460;4;Z;709030;333;34.0;;;0.02583;;;;;;;;;;;;;;;;
20180605;d;61450463;4;Z;709030;333;34.0;;;;;;;;;;;;;;;;;;;
20180605;d;61450471;4;Z;709030;333;34.0;;;;;;;;;;;;;;;;;;;
20180605;d;61450481;4;Z;709030;333;34.0;;;;;;;;;;;;;;;;;;;
20180605;d;60617893;4;Z;709030;333;34.0;;;0.81232;;;;;;;;;;;;;;;;
20180605;d;60319927;4;Z;709030;333;34.0;;;0.07708;;;;;;;;;;;;;;;;
20180605;d;60617844;4;Z;709030;333;34.0;;;-0.35781;;;;;;;;;;;;;;;;
20180605;d;61450478;4;Z;709030;333;34.0;;;0.15424;;;;;;;;;;;;;;;;
20180605;d;61450494;4;Z;709030;333;34.0;;;0.38551;;;;;;;;;;;;;;;;
20180605;d;60782512;4;Z;709030;333;34.0;;;-0.22258;;;;;;;;;;;;;;;;
20180605;d;60782516;4;Z;709030;333;34.0;;;-0.25389;;;;;;;;;;;;;;;;
20180605;d;61512028;4;P;709030;333;18.0;;;;;;;;;;;;;;;;;;;
20180605;d;61512039;4;P;709030;333;18.0;;;;;;;;;;;;;;;;;;;1.0
20180605;d;60675803;4;Z;709030;333;34.0;;;0.62322;;;;;;;;;;;;;;;;
20180605;d;60675804;4;Z;709030;333;34.0;;;;;;;;;;;;;;;;;;;
20180605;d;60617848;4;Z;709030;333;34.0;;;-0.18146;;;;;;;;;;;;;;;;
20180605;d;60617859;4;Z;709030;333;34.0;;;0.03868;;;;;;;;;;;;;;;;
20180605;d;60675827;4;Z;709030;333;34.0;;;;;;;;;;;;;;;;;;;
20180605;d;60617899;4;Z;709030;333;34.0;;;0.02017;;;;;;;;;;;;;;;;
20180605;d;61557272;4;Z;709030;333;34.0;;;;;;;;;;;;;;;;;;;
20180605;d;61450496;4;Z;709030;333;34.0;;;0.34887;;;;;;;;;;;;;;;;
20180605;d;61450502;4;Z;709030;333;34.0;;;0.52665;;;;;;;;;;;;;;;;
20180605;d;61450507;4;Z;709030;333;34.0;;;-0.39819;;;;;;;;;;;;;;;;
20180605;d;60617974;4;Z;709030;333;34.0;;;;;;;;;;;;;;;;;;;
20180605;d;60617978;4;Z;709030;333;34.0;;;-0.88425;;;;;;;;;;;;;;;;
20180605;d;60675853;4;Z;709030;333;34.0;;;;;;;;;;;;;;;;;;;
20180605;d;60675931;4;Z;709030;333;34.0;;;;;;;;;;;;;;;;;;;
20180605;d;60675870;4;Z;709030;333;34.0;;;;;;;;;;;;;;;;;;;
20180605;d;60440383;4;Z;709030;333;34.0;;;;;;;;;;;;;;;;;;;
20180605;d;60675877;4;Z;709030;333;34.0;;;;;;;;;;;;;;;;;;;
20180605;d;60675881;4;Z;709030;333;34.0;;;0.14463;;;;;;;;;;;;;;;;
20180605;d;60675886;4;Z;709030;333;34.0;;;;;;;;;;;;;;;;;;;
20180605;d;60675890;4;Z;709030;333;34.0;;;;;;;;;;;;;;;;;;;
20180605;d;60675895;4;Z;709030;333;34.0;;;;;;;;;;;;;;;;;;;
20180605;d;60675944;4;Z;709030;333;34.0;;;-0.18968;;;;;;;;;;;;;;;;
20180605;d;60675948;4;Z;709030;333;34.0;;;-0.10702;;;;;;;;;;;;;;;;
20180605;d;60675995;4;Z;709030;333;34.0;;;0.88785;;;;;;;;;;;;;;;;
20180605;d;60675979;4;Z;709030;333;34.0;;;0.18027;;;;;;;;;;;;;;;;
20180605;d;60675984;4;Z;709030;333;34.0;;;;;;;;;;;;;;;;;;;
20180605;d;60675985;4;Z;709030;333;34.0;;;0.13835;;;;;;;;;;;;;;;;
20180605;d;60440393;4;Z;709030;333;34.0;;;;;;;;;;;;;;;;;;;
20180605;d;60675965;4;Z;709030;333;34.0;;;0.97523;;;;;;;;;;;;;;;;
20180605;d;60675961;4;Z;709030;333;34.0;;;0.92187;;;;;;;;;;;;;;;;
20180605;d;60676083;4;Z;709030;333;34.0;;;0.28617;;;;;;;;;;;;;;;;
20180605;d;60676066;4;Z;709030;333;34.0;;;;;;;;;;;;;;;;;;;
20180605;d;60320074;4;Z;709030;333;34.0;;;-0.53067;;;;;;;;;;;;;;;;
20180605;d;61557305;4;Z;709030;333;34.0;;;;;;;;;;;;;;;;;;;
20180605;d;61557309;4;Z;709030;333;34.0;;;-0.011;;;;;;;;;;;;;;;;
20180605;d;61557322;4;Z;709030;333;34.0;;;;;;;;;;;;;;;;;;;
20180605;d;60676048;4;Z;709030;333;34.0;;;-0.02109;;;;;;;;;;;;;;;;
20180605;d;60676049;4;Z;709030;333;34.0;;;;;;;;;;;;;;;;;;;
20180605;d;60675999;4;Z;709030;333;34.0;;;;;;;;;;;;;;;;;;;
20180605;d;60676001;4;Z;709030;333;34.0;;;;;;;;;;;;;;;;;;;
20180605;d;61512085;4;P;709030;333;18.0;;;;;;;;;;;;;;;;;;;
20180605;d;61512093;4;P;709030;333;18.0;;;;;;;;;;;;;;;;;;;
20180605;d;60676114;4;Z;709030;333;34.0;;;;;;;;;;;;;;;;;;;
20180605;d;60676098;4;Z;709030;333;34.0;;;-0.03274;;;;;;;;;;;;;;;;
20180605;d;60676099;4;Z;709030;333;34.0;;;0.9515;;;;;;;;;;;;;;;;
20180605;d;60676104;4;Z;709030;333;34.0;;;;;;;;;;;;;;;;;;;
20180605;d;60676181;4;Z;709030;333;34.0;;;0.00971;;;;;;;;;;;;;;;;
20180605;d;61557333;4;Z;709030;333;34.0;;;-0.16957;;;;;;;;;;;;;;;;
20180605;d;61557337;4;Z;709030;333;34.0;;;-0.05525;;;;;;;;;;;;;;;;
20180605;d;1307825;12;6;6108;402;33.0;1.0;2.0;;1.0;;;;;;;;1.0;;;;;;;1.0
20180605;d;60879951;4;Z;709030;333;34.0;;;-0.03115;;;;;;;;;;;;;;;;
20180605;d;61717436;4;Z;709030;333;34.0;;;;;;;;;;;;;;;;;;;
20180605;d;3102918;12;6;416131;939;33.0;1.0;1.0;;0.0;;;;;;;;;;;;;;;8.0
20180605;d;61452737;4;Z;709030;333;34.0;;;-0.23929;;;;;;;;;;;;;;;;
20180605;d;61452738;4;Z;709030;333;34.0;;;0.76769;;;;;;;;;;;;;;;;
20180605;d;60675330;4;Z;709030;333;34.0;;;-0.51427;;;;;;;;;;;;;;;;
20180605;d;61511843;4;P;709030;333;18.0;;;;;;;;;;;;;;;;;;;1.0
20180605;d;61511850;4;P;709030;333;18.0;;;;;;;;;;;;;;;;;;;1.0
20180605;d;61452740;4;Z;709030;333;34.0;;;0.02781;;;;;;;;;;;;;;;;
20180605;d;61452741;4;Z;709030;333;34.0;;;;;;;;;;;;;;;;;;;
20180605;d;61511838;4;P;709030;333;18.0;;;;;;;;;;;;;;;;;;;
20180605;d;61511840;4;P;709030;333;18.0;;;;;;;;;;;;;;;;;;;
20180605;d;60675477;4;Z;709030;333;34.0;;;;;;;;;;;;;;;;;;;
20180605;d;60675479;4;Z;709030;333;34.0;;;0.19924;;;;;;;;;;;;;;;;
20180605;d;61511873;4;P;709030;333;18.0;;;;;;;;;;;;;;;;;;;
20180605;d;60675433;4;Z;709030;333;34.0;;;0.18133;;;;;;;;;;;;;;;;
20180605;d;60782487;4;Z;709030;333;34.0;;;;;;;;;;;;;;;;;;;
20180605;d;60782488;4;Z;709030;333;34.0;;;-0.08769;;;;;;;;;;;;;;;;
20180605;d;60782495;4;Z;709030;333;34.0;;;0.9103;;;;;;;;;;;;;;;;
20180605;d;60675385;4;Z;709030;333;34.0;;;0.43386;;;;;;;;;;;;;;;;
20180605;d;61511851;4;P;709030;333;18.0;;;;;;;;;;;;;;;;;;;
20180605;d;61511857;4;P;709030;333;18.0;;;;;;;;;;;;;;;;;;;1.0
20180605;d;61511884;4;P;709030;333;18.0;;;;;;;;;;;;;;;;;;;
20180605;d;61511892;4;P;709030;333;18.0;;;;;;;;;;;;;;;;;;;
20180605;d;60675367;4;Z;709030;333;34.0;;;0.11693;;;;;;;;;;;;;;;;
20180605;d;61449982;4;Z;709030;333;34.0;;;0.06346;;;;;;;;;;;;;;;;
20180605;d;61449995;4;Z;709030;333;34.0;;;;;;;;;;;;;;;;;;;
20180605;d;61449991;4;Z;709030;333;34.0;;;;;;;;;;;;;;;;;;;
20180605;d;61449997;4;Z;709030;333;34.0;;;;;;;;;;;;;;;;;;;
20180605;d;61450029;4;Z;709030;333;34.0;;;-0.11615;;;;;;;;;;;;;;;;
20180605;d;61450040;4;Z;709030;333;34.0;;;0.81514;;;;;;;;;;;;;;;;
20180605;d;61511904;4;P;709030;333;18.0;;;;;;;;;;;;;;;;;;;
20180605;d;60675388;4;Z;709030;333;34.0;;;-0.41314;;;;;;;;;;;;;;;;
20180605;d;61511921;4;P;709030;333;18.0;;;;;;;;;;;;;;;;;;;
20180605;d;61511931;4;P;709030;333;18.0;;;;;;;;;;;;;;;;;;;1.0
20180605;d;60617832;4;Z;709030;333;34.0;;;-0.97834;;;;;;;;;;;;;;;;
20180605;d;60617742;4;Z;709030;333;34.0;;;;;;;;;;;;;;;;;;;
20180605;d;60617761;4;Z;709030;333;34.0;;;0.44129;;;;;;;;;;;;;;;;
20180605;d;60617648;4;Z;709030;333;34.0;;;-0.00853;;;;;;;;;;;;;;;;
20180605;d;61450117;4;Z;709030;333;34.0;;;-0.03638;;;;;;;;;;;;;;;;
20180605;d;61450126;4;Z;709030;333;34.0;;;;;;;;;;;;;;;;;;;
20180605;d;61450128;4;Z;709030;333;34.0;;;;;;;;;;;;;;;;;;;
20180605;d;61450026;4;Z;709030;333;34.0;;;0.83657;;;;;;;;;;;;;;;;
20180605;d;61450057;4;Z;709030;333;34.0;;;-0.05903;;;;;;;;;;;;;;;;
20180605;d;61450061;4;Z;709030;333;34.0;;;-0.04687;;;;;;;;;;;;;;;;
20180605;d;61450064;4;Z;709030;333;34.0;;;;;;;;;;;;;;;;;;;
20180605;d;61450070;4;Z;709030;333;34.0;;;;;;;;;;;;;;;;;;;
20180605;d;61450039;4;Z;709030;333;34.0;;;-0.13958;;;;;;;;;;;;;;;;
20180605;d;61450083;4;Z;709030;333;34.0;;;-0.7515;;;;;;;;;;;;;;;;
20180605;d;61450090;4;Z;709030;333;34.0;;;0.56817;;;;;;;;;;;;;;;;
20180605;d;61450092;4;Z;709030;333;34.0;;;0.51756;;;;;;;;;;;;;;;;
20180605;d;61450003;4;Z;709030;333;34.0;;;-0.49211;;;;;;;;;;;;;;;;
20180605;d;60675481;4;Z;709030;333;34.0;;;0.20728;;;;;;;;;;;;;;;;
20180605;d;61557222;4;Z;709030;333;34.0;;;0.92684;;;;;;;;;;;;;;;;
20180605;d;60675515;4;Z;709030;333;34.0;;;;;;;;;;;;;;;;;;;
20180605;d;61511895;4;P;709030;333;18.0;;;;;;;;;;;;;;;;;;;
20180605;d;61511905;4;P;709030;333;18.0;;;;;;;;;;;;;;;;;;;
20180605;d;60675555;4;Z;709030;333;34.0;;;;;;;;;;;;;;;;;;;
20180605;d;60675532;4;Z;709030;333;34.0;;;;;;;;;;;;;;;;;;;
20180605;d;60675535;4;Z;709030;333;34.0;;;;;;;;;;;;;;;;;;;
20180605;d;60675537;4;Z;709030;333;34.0;;;0.57731;;;;;;;;;;;;;;;;
20180605;d;60675539;4;Z;709030;333;34.0;;;0.74344;;;;;;;;;;;;;;;;
20180605;d;60617743;4;Z;709030;333;34.0;;;;;;;;;;;;;;;;;;;
20180605;d;61450074;4;Z;709030;333;34.0;;;0.19463;;;;;;;;;;;;;;;;
20180605;d;61450075;4;Z;709030;333;34.0;;;;;;;;;;;;;;;;;;;
20180605;d;61450080;4;Z;709030;333;34.0;;;0.22123;;;;;;;;;;;;;;;;
20180605;d;61450104;4;Z;709030;333;34.0;;;0.81137;;;;;;;;;;;;;;;;
20180605;d;61450109;4;Z;709030;333;34.0;;;-0.08638;;;;;;;;;;;;;;;;
20180605;d;61511943;4;P;709030;333;18.0;;;;;;;;;;;;;;;;;;;
20180605;d;60675599;4;Z;709030;333;34.0;;;;;;;;;;;;;;;;;;;
20180605;d;61511954;4;P;709030;333;18.0;;;;;;;;;;;;;;;;;;;
20180605;d;60675663;4;Z;709030;333;34.0;;;0.30642;;;;;;;;;;;;;;;;
20180605;d;61450141;4;Z;709030;333;34.0;;;;;;;;;;;;;;;;;;;
20180605;d;60675603;4;Z;709030;333;34.0;;;;;;;;;;;;;;;;;;;
20180605;d;60675627;4;Z;709030;333;34.0;;;0.63426;;;;;;;;;;;;;;;;
20180605;d;61511949;4;P;709030;333;18.0;;;;;;;;;;;;;;;;;;;
20180605;d;61511950;4;P;709030;333;18.0;;;;;;;;;;;;;;;;;;;1.0
20180605;d;61450167;4;Z;709030;333;34.0;;;-0.11572;;;;;;;;;;;;;;;;
20180605;d;61450169;4;Z;709030;333;34.0;;;-0.03701;;;;;;;;;;;;;;;;
20180605;d;61557238;4;Z;709030;333;34.0;;;0.16626;;;;;;;;;;;;;;;;
20180605;d;61557247;4;Z;709030;333;34.0;;;-0.54677;;;;;;;;;;;;;;;;
20180605;d;61557251;4;Z;709030;333;34.0;;;-0.45586;;;;;;;;;;;;;;;;
20180605;d;61450260;4;Z;709030;333;34.0;;;;;;;;;;;;;;;;;;;
20180605;d;61450267;4;Z;709030;333;34.0;;;;;;;;;;;;;;;;;;;
20180605;d;60617642;4;Z;709030;333;34.0;;;-0.0169;;;;;;;;;;;;;;;;
20180605;d;61450236;4;Z;709030;333;34.0;;;0.64513;;;;;;;;;;;;;;;;
20180605;d;61450115;4;Z;709030;333;34.0;;;-0.0667;;;;;;;;;;;;;;;;
20180605;d;61450124;4;Z;709030;333;34.0;;;;;;;;;;;;;;;;;;;
20180605;d;61450113;4;Z;709030;333;34.0;;;-0.07332;;;;;;;;;;;;;;;;
20180605;d;61450125;4;Z;709030;333;34.0;;;-0.00518;;;;;;;;;;;;;;;;
20180605;d;61450127;4;Z;709030;333;34.0;;;-0.03204;;;;;;;;;;;;;;;;
20180605;d;61450282;4;Z;709030;333;34.0;;;;;;;;;;;;;;;;;;;
20180605;d;61450286;4;Z;709030;333;34.0;;;0.15312;;;;;;;;;;;;;;;;
20180605;d;61450185;4;Z;709030;333;34.0;;;;;;;;;;;;;;;;;;;
20180605;d;60675653;4;Z;709030;333;34.0;;;;;;;;;;;;;;;;;;;
20180605;d;60675660;4;Z;709030;333;34.0;;;;;;;;;;;;;;;;;;;
20180605;d;60675501;4;Z;709030;333;34.0;;;0.49258;;;;;;;;;;;;;;;;
20180605;d;61450294;4;Z;709030;333;34.0;;;0.17985;;;;;;;;;;;;;;;;
20180605;d;61450302;4;Z;709030;333;34.0;;;0.66734;;;;;;;;;;;;;;;;
20180605;d;60675708;4;Z;709030;333;34.0;;;-0.11022;;;;;;;;;;;;;;;;
20180605;d;60675709;4;Z;709030;333;34.0;;;0.91284;;;;;;;;;;;;;;;;
20180605;d;60675715;4;Z;709030;333;34.0;;;;;;;;;;;;;;;;;;;
20180605;d;61450195;4;Z;709030;333;34.0;;;;;;;;;;;;;;;;;;;
20180605;d;61450208;4;Z;709030;333;34.0;;;0.02788;;;;;;;;;;;;;;;;
20180605;d;61450138;4;Z;709030;333;34.0;;;;;;;;;;;;;;;;;;;
20180605;d;61450140;4;Z;709030;333;34.0;;;;;;;;;;;;;;;;;;;
20180605;d;61450147;4;Z;709030;333;34.0;;;;;;;;;;;;;;;;;;;
20180605;d;61450166;4;Z;709030;333;34.0;;;0.93;;;;;;;;;;;;;;;;
20180605;d;60675702;4;Z;709030;333;34.0;;;-0.9909;;;;;;;;;;;;;;;;
20180605;d;60675703;4;Z;709030;333;34.0;;;0.15038;;;;;;;;;;;;;;;;
20180605;d;60675529;4;Z;709030;333;34.0;;;;;;;;;;;;;;;;;;;
20180605;d;60675538;4;Z;709030;333;34.0;;;-0.24266;;;;;;;;;;;;;;;;
20180605;d;61450234;4;Z;709030;333;34.0;;;0.7052;;;;;;;;;;;;;;;;
20180605;d;3497248;12;6;361630;402;41.0;;;;;;;;;;;;1.0;;;;;;;
20180605;d;60884296;4;Z;709030;333;34.0;;;-0.02797;;;;;;;;;;;;;;;;
20180605;d;61450248;4;Z;709030;333;34.0;;;0.87054;;;;;;;;;;;;;;;;
20180605;d;61450256;4;Z;709030;333;34.0;;;;;;;;;;;;;;;;;;;
20180605;d;61557252;4;Z;709030;333;34.0;;;0.54415;;;;;;;;;;;;;;;;
20180605;d;60675640;4;Z;709030;333;34.0;;;-0.44317;;;;;;;;;;;;;;;;
20180605;d;61557255;4;Z;709030;333;34.0;;;-0.30525;;;;;;;;;;;;;;;;
20180605;d;61557261;4;Z;709030;333;34.0;;;-0.22962;;;;;;;;;;;;;;;;
20180605;d;60675749;4;Z;709030;333;34.0;;;;;;;;;;;;;;;;;;;
20180605;d;60675618;4;Z;709030;333;34.0;;;;;;;;;;;;;;;;;;;
20180605;d;60675626;4;Z;709030;333;34.0;;;-0.34613;;;;;;;;;;;;;;;;
20180605;d;61450318;4;Z;709030;333;34.0;;;;;;;;;;;;;;;;;;;
20180605;d;61511996;4;P;709030;333;18.0;;;;;;;;;;;;;;;;;;;1.0
20180605;d;61512018;4;P;709030;333;18.0;;;;;;;;;;;;;;;;;;;1.0
20180605;d;60879999;4;Z;709030;333;34.0;;;0.01527;;;;;;;;;;;;;;;;
20180605;d;60675745;4;Z;709030;333;34.0;;;0.19276;;;;;;;;;;;;;;;;
20180605;d;60675746;4;Z;709030;333;34.0;;;;;;;;;;;;;;;;;;;
20180605;d;61450356;4;Z;709030;333;34.0;;;0.19044;;;;;;;;;;;;;;;;
20180605;d;61450349;4;Z;709030;333;34.0;;;;;;;;;;;;;;;;;;;
20180605;d;61450375;4;Z;709030;333;34.0;;;-0.10774;;;;;;;;;;;;;;;;
20180605;d;60617669;4;Z;709030;333;34.0;;;0.68809;;;;;;;;;;;;;;;;
20180605;d;60617757;4;Z;709030;333;34.0;;;0.35905;;;;;;;;;;;;;;;;
20180605;d;60675725;4;Z;709030;333;34.0;;;0.03662;;;;;;;;;;;;;;;;
20180605;d;60675726;4;Z;709030;333;34.0;;;;;;;;;;;;;;;;;;;
20180605;d;60617647;4;Z;709030;333;34.0;;;0.99517;;;;;;;;;;;;;;;;
20180605;d;61511957;4;P;709030;333;18.0;;;;;;;;;;;;;;;;;;;1.0
20180605;d;61511962;4;P;709030;333;18.0;;;;;;;;;;;;;;;;;;;
20180605;d;61511964;4;P;709030;333;18.0;;;;;;;;;;;;;;;;;;;1.0
20180605;d;61511966;4;P;709030;333;18.0;;;;;;;;;;;;;;;;;;;
20180605;d;60675758;4;Z;709030;333;34.0;;;-0.0236;;;;;;;;;;;;;;;;
20180605;d;60675762;4;Z;709030;333;34.0;;;;;;;;;;;;;;;;;;;
20180605;d;60617744;4;Z;709030;333;34.0;;;;;;;;;;;;;;;;;;;
20180605;d;60617691;4;Z;709030;333;34.0;;;;;;;;;;;;;;;;;;;
20180605;d;61450379;4;Z;709030;333;34.0;;;-0.08127;;;;;;;;;;;;;;;;
20180605;d;61450381;4;Z;709030;333;34.0;;;-0.05592;;;;;;;;;;;;;;;;
20180605;d;60675772;4;Z;709030;333;34.0;;;-0.35749;;;;;;;;;;;;;;;;
20180605;d;60675773;4;Z;709030;333;34.0;;;0.62224;;;;;;;;;;;;;;;;
20180605;d;61511967;4;P;709030;333;18.0;;;;;;;;;;;;;;;;;;;
20180605;d;61511971;4;P;709030;333;18.0;;;;;;;;;;;;;;;;;;;1.0
20180605;d;61511975;4;P;709030;333;18.0;;;;;;;;;;;;;;;;;;;1.0
20180605;d;60617849;4;Z;709030;333;34.0;;;0.7877;;;;;;;;;;;;;;;;
20180605;d;61450506;4;Z;709030;333;34.0;;;0.59573;;;;;;;;;;;;;;;;
20180605;d;61511989;4;P;709030;333;18.0;;;;;;;;;;;;;;;;;;;1.0
20180605;d;60617869;4;Z;709030;333;34.0;;;0.06411;;;;;;;;;;;;;;;;
20180605;d;60617903;4;Z;709030;333;34.0;;;0.00942;;;;;;;;;;;;;;;;
20180605;d;60319931;4;Z;709030;333;34.0;;;0.09937;;;;;;;;;;;;;;;;
20180605;d;60617835;4;Z;709030;333;34.0;;;0.15632;;;;;;;;;;;;;;;;
20180605;d;60322290;4;Z;709030;333;34.0;;;0.15311;;;;;;;;;;;;;;;;
20180605;d;61512025;4;P;709030;333;18.0;;;;;;;;;;;;;;;;;;;
20180605;d;61512035;4;P;709030;333;18.0;;;;;;;;;;;;;;;;;;;
20180605;d;61557276;4;Z;709030;333;34.0;;;0.03599;;;;;;;;;;;;;;;;
20180605;d;61450500;4;Z;709030;333;34.0;;;0.42045;;;;;;;;;;;;;;;;
20180605;d;61557283;4;Z;709030;333;34.0;;;-0.00399;;;;;;;;;;;;;;;;
20180605;d;60617867;4;Z;709030;333;34.0;;;0.03018;;;;;;;;;;;;;;;;
20180605;d;60617902;4;Z;709030;333;34.0;;;;;;;;;;;;;;;;;;;
20180605;d;61512029;4;P;709030;333;18.0;;;;;;;;;;;;;;;;;;;
20180605;d;61512036;4;P;709030;333;18.0;;;;;;;;;;;;;;;;;;;1.0
20180605;d;61512038;4;P;709030;333;18.0;;;;;;;;;;;;;;;;;;;1.0
20180605;d;61512044;4;P;709030;333;18.0;;;;;;;;;;;;;;;;;;;1.0
20180605;d;60675844;4;Z;709030;333;34.0;;;;;;;;;;;;;;;;;;;
20180605;d;60675846;4;Z;709030;333;34.0;;;-0.7746;;;;;;;;;;;;;;;;
20180605;d;60675854;4;Z;709030;333;34.0;;;;;;;;;;;;;;;;;;;
20180605;d;60440381;4;Z;709030;333;34.0;;;;;;;;;;;;;;;;;;;
20180605;d;60675864;4;Z;709030;333;34.0;;;-0.17946;;;;;;;;;;;;;;;;
20180605;d;60675866;4;Z;709030;333;34.0;;;;;;;;;;;;;;;;;;;
20180605;d;60675868;4;Z;709030;333;34.0;;;;;;;;;;;;;;;;;;;
20180605;d;60675869;4;Z;709030;333;34.0;;;;;;;;;;;;;;;;;;;
20180605;d;60617991;4;Z;709030;333;34.0;;;0.64052;;;;;;;;;;;;;;;;
20180605;d;60440386;4;Z;709030;333;34.0;;;0.0031;;;;;;;;;;;;;;;;
20180605;d;60675875;4;Z;709030;333;34.0;;;;;;;;;;;;;;;;;;;
20180605;d;60675878;4;Z;709030;333;34.0;;;;;;;;;;;;;;;;;;;
20180605;d;60675896;4;Z;709030;333;34.0;;;;;;;;;;;;;;;;;;;
20180605;d;60675938;4;Z;709030;333;34.0;;;;;;;;;;;;;;;;;;;
20180605;d;60675946;4;Z;709030;333;34.0;;;-0.04833;;;;;;;;;;;;;;;;
20180605;d;60675993;4;Z;709030;333;34.0;;;0.76353;;;;;;;;;;;;;;;;
20180605;d;60675983;4;Z;709030;333;34.0;;;0.17759;;;;;;;;;;;;;;;;
20180605;d;10140823;12;6;416131;939;33.0;1.0;1.0;;0.0;;;;;;;;1.0;;;;;;;7.0
20180605;d;60675964;4;Z;709030;333;34.0;;;-0.01621;;;;;;;;;;;;;;;;
20180605;d;60675978;4;Z;709030;333;34.0;;;;;;;;;;;;;;;;;;;
20180605;d;10716405;12;6;26338;1;33.0;1.0;1.0;;;;;;;;;;1.0;;;;;;;6.0
20180605;d;60675954;4;Z;709030;333;34.0;;;-0.3831;;;;;;;;;;;;;;;;
20180605;d;3617752;12;6;620002;333;41.0;;;;;;;;;;;;1.0;;;;;;;71.0
20180605;d;60782527;4;Z;709030;333;34.0;;;0.73067;;;;;;;;;;;;;;;;
20180605;d;60676075;4;Z;709030;333;34.0;;;0.67321;;;;;;;;;;;;;;;;
20180605;d;60676079;4;Z;709030;333;34.0;;;0.98;;;;;;;;;;;;;;;;
20180605;d;60676085;4;Z;709030;333;34.0;;;0.43343;;;;;;;;;;;;;;;;
20180605;d;60676011;4;Z;709030;333;34.0;;;;;;;;;;;;;;;;;;;
20180605;d;60676074;4;Z;709030;333;34.0;;;-0.42903;;;;;;;;;;;;;;;;
20180605;d;61557288;4;Z;709030;333;34.0;;;0.93908;;;;;;;;;;;;;;;;
20180605;d;61557294;4;Z;709030;333;34.0;;;;;;;;;;;;;;;;;;;
20180605;d;61557299;4;Z;709030;333;34.0;;;-0.0061;;;;;;;;;;;;;;;;
20180605;d;61557306;4;Z;709030;333;34.0;;;;;;;;;;;;;;;;;;;
20180605;d;60676046;4;Z;709030;333;34.0;;;-0.12965;;;;;;;;;;;;;;;;
20180605;d;60676002;4;Z;709030;333;34.0;;;-0.09966;;;;;;;;;;;;;;;;
20180605;d;61512069;4;P;709030;333;18.0;;;;;;;;;;;;;;;;;;;
20180605;d;61512076;4;P;709030;333;18.0;;;;;;;;;;;;;;;;;;;1.0
20180605;d;61512082;4;P;709030;333;18.0;;;;;;;;;;;;;;;;;;;
20180605;d;60676055;4;Z;709030;333;34.0;;;;;;;;;;;;;;;;;;;
20180605;d;60676057;4;Z;709030;333;34.0;;;;;;;;;;;;;;;;;;;
20180605;d;60676058;4;Z;709030;333;34.0;;;;;;;;;;;;;;;;;;;
20180605;d;60676059;4;Z;709030;333;34.0;;;;;;;;;;;;;;;;;;;
20180605;d;60676116;4;Z;709030;333;34.0;;;;;;;;;;;;;;;;;;;
20180605;d;61557327;4;Z;709030;333;34.0;;;-0.73404;;;;;;;;;;;;;;;;
20180605;d;61557329;4;Z;709030;333;34.0;;;-0.37408;;;;;;;;;;;;;;;;
20180605;d;60676045;4;Z;709030;333;34.0;;;0.32844;;;;;;;;;;;;;;;;
20180605;d;60676050;4;Z;709030;333;34.0;;;;;;;;;;;;;;;;;;;
20180605;d;60676008;4;Z;709030;333;34.0;;;;;;;;;;;;;;;;;;;
20180605;d;61512095;4;P;709030;333;18.0;;;;;;;;;;;;;;;;;;;
20180605;d;60676060;4;Z;709030;333;34.0;;;;;;;;;;;;;;;;;;;
20180605;d;60676113;4;Z;709030;333;34.0;;;0.02044;;;;;;;;;;;;;;;;
20180605;d;60676118;4;Z;709030;333;34.0;;;;;;;;;;;;;;;;;;;
20180605;d;60676125;4;Z;709030;333;34.0;;;;;;;;;;;;;;;;;;;
20180605;d;60676130;4;Z;709030;333;34.0;;;;;;;;;;;;;;;;;;;
20180605;d;60676131;4;Z;709030;333;34.0;;;;;;;;;;;;;;;;;;;
20180605;d;60676153;4;Z;709030;333;34.0;;;0.3175;;;;;;;;;;;;;;;;
20180605;d;60676154;4;Z;709030;333;34.0;;;-0.41694;;;;;;;;;;;;;;;;
20180605;d;60676100;4;Z;709030;333;34.0;;;;;;;;;;;;;;;;;;;
20180605;d;60676102;4;Z;709030;333;34.0;;;;;;;;;;;;;;;;;;;
20180605;d;60676103;4;Z;709030;333;34.0;;;0.04453;;;;;;;;;;;;;;;;
20180605;d;60676107;4;Z;709030;333;34.0;;;0.04736;;;;;;;;;;;;;;;;
20180605;d;60676176;4;Z;709030;333;34.0;;;;;;;;;;;;;;;;;;;
20180605;d;60676177;4;Z;709030;333;34.0;;;0.01913;;;;;;;;;;;;;;;;
20180605;d;60676182;4;Z;709030;333;34.0;;;-0.96761;;;;;;;;;;;;;;;;
20180605;d;61557331;4;Z;709030;333;34.0;;;-0.49345;;;;;;;;;;;;;;;;
20180605;d;60676189;4;Z;709030;333;34.0;;;0.59236;;;;;;;;;;;;;;;;
20180605;d;60676190;4;Z;709030;333;34.0;;;-0.19334;;;;;;;;;;;;;;;;
20180605;d;61512059;4;P;709030;333;18.0;;;;;;;;;;;;;;;;;;;1.0
20180605;d;60676159;4;Z;709030;333;34.0;;;0.95744;;;;;;;;;;;;;;;;
20180605;d;60676196;4;Z;709030;333;34.0;;;-0.02105;;;;;;;;;;;;;;;;
20180605;d;60676198;4;Z;709030;333;34.0;;;-0.01571;;;;;;;;;;;;;;;;
20180605;d;60676146;4;Z;709030;333;34.0;;;;;;;;;;;;;;;;;;;
20180605;d;60676304;4;Z;709030;333;34.0;;;;;;;;;;;;;;;;;;;
20180605;d;61557347;4;Z;709030;333;34.0;;;;;;;;;;;;;;;;;;;
20180605;d;61450605;4;Z;709030;333;34.0;;;0.695;;;;;;;;;;;;;;;;
20180605;d;61512070;4;P;709030;333;18.0;;;;;;;;;;;;;;;;;;;
20180605;d;61512086;4;P;709030;333;18.0;;;;;;;;;;;;;;;;;;;1.0
20180605;d;61557358;4;Z;709030;333;34.0;;;;;;;;;;;;;;;;;;;
20180605;d;61557359;4;Z;709030;333;34.0;;;;;;;;;;;;;;;;;;;
20180605;d;61557360;4;Z;709030;333;34.0;;;0.06202;;;;;;;;;;;;;;;;
20180605;d;61557363;4;Z;709030;333;34.0;;;-0.84944;;;;;;;;;;;;;;;;
20180605;d;61557365;4;Z;709030;333;34.0;;;;;;;;;;;;;;;;;;;
20180605;d;60676302;4;Z;709030;333;34.0;;;;;;;;;;;;;;;;;;;
20180605;d;61450691;4;Z;709030;333;34.0;;;;;;;;;;;;;;;;;;;
20180605;d;61450696;4;Z;709030;333;34.0;;;0.14166;;;;;;;;;;;;;;;;
20180605;d;61557425;4;Z;709030;333;34.0;;;-0.0885;;;;;;;;;;;;;;;;
20180605;d;61557429;4;Z;709030;333;34.0;;;-0.15538;;;;;;;;;;;;;;;;
20180605;d;60320029;4;Z;709030;333;34.0;;;0.65251;;;;;;;;;;;;;;;;
20180605;d;61450729;4;Z;709030;333;34.0;;;;;;;;;;;;;;;;;;;
20180605;d;61450732;4;Z;709030;333;34.0;;;0.04782;;;;;;;;;;;;;;;;
20180605;d;61557402;4;Z;709030;333;34.0;;;0.58668;;;;;;;;;;;;;;;;
20180605;d;61557406;4;Z;709030;333;34.0;;;0.65188;;;;;;;;;;;;;;;;
20180605;d;61557407;4;Z;709030;333;34.0;;;-0.38536;;;;;;;;;;;;;;;;
20180605;d;61557445;4;Z;709030;333;34.0;;;-0.04088;;;;;;;;;;;;;;;;
20180605;d;60440463;4;Z;709030;333;34.0;;;;;;;;;;;;;;;;;;;
20180605;d;61450752;4;Z;709030;333;34.0;;;0.45818;;;;;;;;;;;;;;;;
20180605;d;61557368;4;Z;709030;333;34.0;;;0.13534;;;;;;;;;;;;;;;;
20180605;d;60676322;4;Z;709030;333;34.0;;;;;;;;;;;;;;;;;;;
20180605;d;61557414;4;Z;709030;333;34.0;;;0.73954;;;;;;;;;;;;;;;;
20180605;d;61557416;4;Z;709030;333;34.0;;;0.71387;;;;;;;;;;;;;;;;
20180605;d;60676338;4;Z;709030;333;34.0;;;-0.03218;;;;;;;;;;;;;;;;
20180605;d;60676340;4;Z;709030;333;34.0;;;-0.02081;;;;;;;;;;;;;;;;
20180605;d;61557467;4;Z;709030;333;34.0;;;-0.54412;;;;;;;;;;;;;;;;
20180605;d;61557470;4;Z;709030;333;34.0;;;0.42553;;;;;;;;;;;;;;;;
20180605;d;61268033;4;Z;709030;333;34.0;;;0.02283;;;;;;;;;;;;;;;;
20180605;d;61268041;4;Z;709030;333;34.0;;;0.92649;;;;;;;;;;;;;;;;
20180605;d;60676463;4;Z;709030;333;34.0;;;0.52354;;;;;;;;;;;;;;;;
20180605;d;60676462;4;Z;709030;333;34.0;;;-0.46512;;;;;;;;;;;;;;;;
20180605;d;60676474;4;Z;709030;333;34.0;;;-0.24277;;;;;;;;;;;;;;;;
20180605;d;60676475;4;Z;709030;333;34.0;;;0.73414;;;;;;;;;;;;;;;;
20180605;d;60618572;4;Z;709030;333;34.0;;;-0.31153;;;;;;;;;;;;;;;;
20180605;d;61450709;4;Z;709030;333;34.0;;;-0.0525;;;;;;;;;;;;;;;;
20180605;d;61450715;4;Z;709030;333;34.0;;;;;;;;;;;;;;;;;;;
20180605;d;60676500;4;Z;709030;333;34.0;;;;;;;;;;;;;;;;;;;
20180605;d;60676508;4;Z;709030;333;34.0;;;;;;;;;;;;;;;;;;;
20180605;d;60676509;4;Z;709030;333;34.0;;;0.17542;;;;;;;;;;;;;;;;
20180605;d;60676511;4;Z;709030;333;34.0;;;0.47185;;;;;;;;;;;;;;;;
20180605;d;60676536;4;Z;709030;333;34.0;;;-0.00656;;;;;;;;;;;;;;;;
20180605;d;60676585;4;Z;709030;333;34.0;;;0.46203;;;;;;;;;;;;;;;;
20180605;d;60676480;4;Z;709030;333;34.0;;;-0.16435;;;;;;;;;;;;;;;;
20180605;d;60676482;4;Z;709030;333;34.0;;;-0.07451;;;;;;;;;;;;;;;;
20180605;d;61450724;4;Z;709030;333;34.0;;;0.00998;;;;;;;;;;;;;;;;
20180605;d;61450735;4;Z;709030;333;34.0;;;;;;;;;;;;;;;;;;;
20180605;d;61450737;4;Z;709030;333;34.0;;;;;;;;;;;;;;;;;;;
20180605;d;60676572;4;Z;709030;333;34.0;;;;;;;;;;;;;;;;;;;
20180605;d;60676574;4;Z;709030;333;34.0;;;;;;;;;;;;;;;;;;;
20180605;d;60676587;4;Z;709030;333;34.0;;;0.52216;;;;;;;;;;;;;;;;
20180605;d;60676593;4;Z;709030;333;34.0;;;0.68212;;;;;;;;;;;;;;;;
20180605;d;60676596;4;Z;709030;333;34.0;;;-0.1813;;;;;;;;;;;;;;;;
20180605;d;60676409;4;Z;709030;333;34.0;;;;;;;;;;;;;;;;;;;
20180605;d;60676454;4;Z;709030;333;34.0;;;-0.96038;;;;;;;;;;;;;;;;
20180605;d;61450740;4;Z;709030;333;34.0;;;0.05734;;;;;;;;;;;;;;;;
20180605;d;61450749;4;Z;709030;333;34.0;;;;;;;;;;;;;;;;;;;
20180605;d;61450832;4;Z;709030;333;34.0;;;0.63691;;;;;;;;;;;;;;;;
20180605;d;61450835;4;Z;709030;333;34.0;;;-0.31354;;;;;;;;;;;;;;;;
20180605;d;61450870;4;Z;709030;333;34.0;;;0.08675;;;;;;;;;;;;;;;;
20180605;d;61450876;4;Z;709030;333;34.0;;;0.15139;;;;;;;;;;;;;;;;
20180605;d;61450879;4;Z;709030;333;34.0;;;;;;;;;;;;;;;;;;;
20180605;d;61450882;4;Z;709030;333;34.0;;;0.1659;;;;;;;;;;;;;;;;
20180605;d;60676641;4;Z;709030;333;34.0;;;0.04332;;;;;;;;;;;;;;;;
20180605;d;60676654;4;Z;709030;333;34.0;;;;;;;;;;;;;;;;;;;
20180605;d;61450858;4;Z;709030;333;34.0;;;0.86998;;;;;;;;;;;;;;;;
20180605;d;61450863;4;Z;709030;333;34.0;;;;;;;;;;;;;;;;;;;
20180605;d;61450867;4;Z;709030;333;34.0;;;;;;;;;;;;;;;;;;;
20180605;d;61450811;4;Z;709030;333;34.0;;;-0.7078;;;;;;;;;;;;;;;;
20180605;d;61450814;4;Z;709030;333;34.0;;;0.30074;;;;;;;;;;;;;;;;
20180605;d;61450943;4;Z;709030;333;34.0;;;-0.03239;;;;;;;;;;;;;;;;
20180605;d;61450764;4;Z;709030;333;34.0;;;;;;;;;;;;;;;;;;;
20180605;d;60676706;4;Z;709030;333;34.0;;;;;;;;;;;;;;;;;;;
20180605;d;61450895;4;Z;709030;333;34.0;;;-0.14067;;;;;;;;;;;;;;;;
20180605;d;61450911;4;Z;709030;333;34.0;;;-0.05957;;;;;;;;;;;;;;;;
20180605;d;61450927;4;Z;709030;333;34.0;;;;;;;;;;;;;;;;;;;
20180605;d;61450935;4;Z;709030;333;34.0;;;-0.48944;;;;;;;;;;;;;;;;
20180605;d;61450937;4;Z;709030;333;34.0;;;-0.29459;;;;;;;;;;;;;;;;
20180605;d;60676598;4;Z;709030;333;34.0;;;-0.1446;;;;;;;;;;;;;;;;
20180605;d;60676608;4;Z;709030;333;34.0;;;-0.04301;;;;;;;;;;;;;;;;
20180605;d;60676609;4;Z;709030;333;34.0;;;0.93579;;;;;;;;;;;;;;;;
20180605;d;60676657;4;Z;709030;333;34.0;;;0.82;;;;;;;;;;;;;;;;
20180605;d;60676661;4;Z;709030;333;34.0;;;;;;;;;;;;;;;;;;;
20180605;d;60676663;4;Z;709030;333;34.0;;;;;;;;;;;;;;;;;;;
20180605;d;60676664;4;Z;709030;333;34.0;;;;;;;;;;;;;;;;;;;
20180605;d;60676678;4;Z;709030;333;34.0;;;-0.02038;;;;;;;;;;;;;;;;
20180605;d;60676684;4;Z;709030;333;34.0;;;;;;;;;;;;;;;;;;;
20180605;d;60676692;4;Z;709030;333;34.0;;;-0.04847;;;;;;;;;;;;;;;;
20180605;d;60676694;4;Z;709030;333;34.0;;;;;;;;;;;;;;;;;;;
20180605;d;60676696;4;Z;709030;333;34.0;;;;;;;;;;;;;;;;;;;
20180605;d;60676698;4;Z;709030;333;34.0;;;;;;;;;;;;;;;;;;;
20180605;d;60676626;4;Z;709030;333;34.0;;;-0.14515;;;;;;;;;;;;;;;;
20180605;d;60676636;4;Z;709030;333;34.0;;;;;;;;;;;;;;;;;;;
20180605;d;60676637;4;Z;709030;333;34.0;;;;;;;;;;;;;;;;;;;
20180605;d;60676611;4;Z;709030;333;34.0;;;0.12993;;;;;;;;;;;;;;;;
20180605;d;60676619;4;Z;709030;333;34.0;;;0.4802;;;;;;;;;;;;;;;;
20180605;d;61450839;4;Z;709030;333;34.0;;;-0.26334;;;;;;;;;;;;;;;;
20180605;d;61450847;4;Z;709030;333;34.0;;;-0.17714;;;;;;;;;;;;;;;;
20180605;d;61450901;4;Z;709030;333;34.0;;;-0.04262;;;;;;;;;;;;;;;;
20180605;d;60676759;4;Z;709030;333;34.0;;;0.0318;;;;;;;;;;;;;;;;
20180605;d;60676770;4;Z;709030;333;34.0;;;-0.52921;;;;;;;;;;;;;;;;